--------------------------------------------------------
--  File created - Thursday-May-18-2017   
--------------------------------------------------------
DROP TABLE "REGISTRAR"."AC_SEMESTER" cascade constraints;
DROP TABLE "REGISTRAR"."AC_YEAR" cascade constraints;
DROP TABLE "REGISTRAR"."ASSESSMENT_RESULT" cascade constraints;
DROP TABLE "REGISTRAR"."ASSESSMENT_WEIGHT" cascade constraints;
DROP TABLE "REGISTRAR"."COURSE" cascade constraints;
DROP TABLE "REGISTRAR"."COURSE_BREAKDOWN" cascade constraints;
DROP TABLE "REGISTRAR"."COURSE_PREREQUISITE" cascade constraints;
DROP TABLE "REGISTRAR"."CURRICULUM" cascade constraints;
DROP TABLE "REGISTRAR"."DEPARTMENT" cascade constraints;
DROP TABLE "REGISTRAR"."EMPLOYEE" cascade constraints;
DROP TABLE "REGISTRAR"."ENROLLMENT" cascade constraints;
DROP TABLE "REGISTRAR"."FACULTY" cascade constraints;
DROP TABLE "REGISTRAR"."INSTRUCTOR_ASSIGN" cascade constraints;
DROP TABLE "REGISTRAR"."ROLE" cascade constraints;
DROP TABLE "REGISTRAR"."SECTION" cascade constraints;
DROP TABLE "REGISTRAR"."STUDENT" cascade constraints;
DROP TABLE "REGISTRAR"."STUDENT_SECTION" cascade constraints;
DROP TABLE "REGISTRAR"."USER_ACCOUNT" cascade constraints;
DROP TABLE "REGISTRAR"."USER_ROLE" cascade constraints;
DROP SEQUENCE "REGISTRAR"."AC_SEMESTER_SEQ";
DROP SEQUENCE "REGISTRAR"."AC_YEAR_SEQ";
DROP SEQUENCE "REGISTRAR"."ASSESSMENT_RESULT_SEQ";
DROP SEQUENCE "REGISTRAR"."ASSESSMENT_WEIGHT_SEQ";
DROP SEQUENCE "REGISTRAR"."COURSE_BREAKDOWN_SEQ";
DROP SEQUENCE "REGISTRAR"."COURSE_PREREQUISITE_SEQ";
DROP SEQUENCE "REGISTRAR"."COURSE_SEQ";
DROP SEQUENCE "REGISTRAR"."CURRICULUM_SEQ";
DROP SEQUENCE "REGISTRAR"."DEPARTMENT_SEQ";
DROP SEQUENCE "REGISTRAR"."ENROLLMENT_SEQ";
DROP SEQUENCE "REGISTRAR"."FACULTY_SEQ";
DROP SEQUENCE "REGISTRAR"."INSTRUCTOR_ASSIGN_SEQ";
DROP SEQUENCE "REGISTRAR"."ROLE_SEQ";
DROP SEQUENCE "REGISTRAR"."SECTION_SEQ";
DROP SEQUENCE "REGISTRAR"."STUDENT_SECTION_SEQ";
DROP SEQUENCE "REGISTRAR"."USER_ACCOUNT_SEQ";
DROP SEQUENCE "REGISTRAR"."USER_ROLE_SEQ";
--------------------------------------------------------
--  DDL for Sequence AC_SEMESTER_SEQ
--------------------------------------------------------

   CREATE SEQUENCE  "REGISTRAR"."AC_SEMESTER_SEQ"  MINVALUE 1 MAXVALUE 9999999999999999999999999999 INCREMENT BY 1 START WITH 1 CACHE 20 NOORDER  NOCYCLE ;
--------------------------------------------------------
--  DDL for Sequence AC_YEAR_SEQ
--------------------------------------------------------

   CREATE SEQUENCE  "REGISTRAR"."AC_YEAR_SEQ"  MINVALUE 1 MAXVALUE 9999999999999999999999999999 INCREMENT BY 1 START WITH 1 CACHE 20 NOORDER  NOCYCLE ;
--------------------------------------------------------
--  DDL for Sequence ASSESSMENT_RESULT_SEQ
--------------------------------------------------------

   CREATE SEQUENCE  "REGISTRAR"."ASSESSMENT_RESULT_SEQ"  MINVALUE 1 MAXVALUE 9999999999999999999999999999 INCREMENT BY 1 START WITH 1 CACHE 20 NOORDER  NOCYCLE ;
--------------------------------------------------------
--  DDL for Sequence ASSESSMENT_WEIGHT_SEQ
--------------------------------------------------------

   CREATE SEQUENCE  "REGISTRAR"."ASSESSMENT_WEIGHT_SEQ"  MINVALUE 1 MAXVALUE 9999999999999999999999999999 INCREMENT BY 1 START WITH 1 CACHE 20 NOORDER  NOCYCLE ;
--------------------------------------------------------
--  DDL for Sequence COURSE_BREAKDOWN_SEQ
--------------------------------------------------------

   CREATE SEQUENCE  "REGISTRAR"."COURSE_BREAKDOWN_SEQ"  MINVALUE 1 MAXVALUE 9999999999999999999999999999 INCREMENT BY 1 START WITH 1 CACHE 20 NOORDER  NOCYCLE ;
--------------------------------------------------------
--  DDL for Sequence COURSE_PREREQUISITE_SEQ
--------------------------------------------------------

   CREATE SEQUENCE  "REGISTRAR"."COURSE_PREREQUISITE_SEQ"  MINVALUE 1 MAXVALUE 9999999999999999999999999999 INCREMENT BY 1 START WITH 1 CACHE 20 NOORDER  NOCYCLE ;
--------------------------------------------------------
--  DDL for Sequence COURSE_SEQ
--------------------------------------------------------

   CREATE SEQUENCE  "REGISTRAR"."COURSE_SEQ"  MINVALUE 1 MAXVALUE 9999999999999999999999999999 INCREMENT BY 1 START WITH 1 CACHE 20 NOORDER  NOCYCLE ;
--------------------------------------------------------
--  DDL for Sequence CURRICULUM_SEQ
--------------------------------------------------------

   CREATE SEQUENCE  "REGISTRAR"."CURRICULUM_SEQ"  MINVALUE 1 MAXVALUE 9999999999999999999999999999 INCREMENT BY 1 START WITH 1 CACHE 20 NOORDER  NOCYCLE ;
--------------------------------------------------------
--  DDL for Sequence DEPARTMENT_SEQ
--------------------------------------------------------

   CREATE SEQUENCE  "REGISTRAR"."DEPARTMENT_SEQ"  MINVALUE 1 MAXVALUE 9999999999999999999999999999 INCREMENT BY 1 START WITH 61 CACHE 20 NOORDER  NOCYCLE ;
--------------------------------------------------------
--  DDL for Sequence ENROLLMENT_SEQ
--------------------------------------------------------

   CREATE SEQUENCE  "REGISTRAR"."ENROLLMENT_SEQ"  MINVALUE 1 MAXVALUE 9999999999999999999999999999 INCREMENT BY 1 START WITH 1 CACHE 20 NOORDER  NOCYCLE ;
--------------------------------------------------------
--  DDL for Sequence FACULTY_SEQ
--------------------------------------------------------

   CREATE SEQUENCE  "REGISTRAR"."FACULTY_SEQ"  MINVALUE 1 MAXVALUE 9999999999999999999999999999 INCREMENT BY 1 START WITH 81 CACHE 20 NOORDER  NOCYCLE ;
--------------------------------------------------------
--  DDL for Sequence INSTRUCTOR_ASSIGN_SEQ
--------------------------------------------------------

   CREATE SEQUENCE  "REGISTRAR"."INSTRUCTOR_ASSIGN_SEQ"  MINVALUE 1 MAXVALUE 9999999999999999999999999999 INCREMENT BY 1 START WITH 1 CACHE 20 NOORDER  NOCYCLE ;
--------------------------------------------------------
--  DDL for Sequence ROLE_SEQ
--------------------------------------------------------

   CREATE SEQUENCE  "REGISTRAR"."ROLE_SEQ"  MINVALUE 1 MAXVALUE 9999999999999999999999999999 INCREMENT BY 1 START WITH 1 CACHE 20 NOORDER  NOCYCLE ;
--------------------------------------------------------
--  DDL for Sequence SECTION_SEQ
--------------------------------------------------------

   CREATE SEQUENCE  "REGISTRAR"."SECTION_SEQ"  MINVALUE 1 MAXVALUE 9999999999999999999999999999 INCREMENT BY 1 START WITH 1 CACHE 20 NOORDER  NOCYCLE ;
--------------------------------------------------------
--  DDL for Sequence STUDENT_SECTION_SEQ
--------------------------------------------------------

   CREATE SEQUENCE  "REGISTRAR"."STUDENT_SECTION_SEQ"  MINVALUE 1 MAXVALUE 9999999999999999999999999999 INCREMENT BY 1 START WITH 1 CACHE 20 NOORDER  NOCYCLE ;
--------------------------------------------------------
--  DDL for Sequence USER_ACCOUNT_SEQ
--------------------------------------------------------

   CREATE SEQUENCE  "REGISTRAR"."USER_ACCOUNT_SEQ"  MINVALUE 1 MAXVALUE 9999999999999999999999999999 INCREMENT BY 1 START WITH 1 CACHE 20 NOORDER  NOCYCLE ;
--------------------------------------------------------
--  DDL for Sequence USER_ROLE_SEQ
--------------------------------------------------------

   CREATE SEQUENCE  "REGISTRAR"."USER_ROLE_SEQ"  MINVALUE 1 MAXVALUE 9999999999999999999999999999 INCREMENT BY 1 START WITH 1 CACHE 20 NOORDER  NOCYCLE ;
--------------------------------------------------------
--  DDL for Table AC_SEMESTER
--------------------------------------------------------

  CREATE TABLE "REGISTRAR"."AC_SEMESTER" 
   (	"SEMESTER_CODE" NUMBER, 
	"SEMESTER" NUMBER(*,0), 
	"START_DATE" DATE, 
	"END_DATE" DATE, 
	"SEMESTER_AC_YEAR_CODE" NUMBER
   ) SEGMENT CREATION IMMEDIATE 
  PCTFREE 10 PCTUSED 40 INITRANS 1 MAXTRANS 255 NOCOMPRESS LOGGING
  STORAGE(INITIAL 65536 NEXT 1048576 MINEXTENTS 1 MAXEXTENTS 2147483645
  PCTINCREASE 0 FREELISTS 1 FREELIST GROUPS 1 BUFFER_POOL DEFAULT FLASH_CACHE DEFAULT CELL_FLASH_CACHE DEFAULT)
  TABLESPACE "USERS" ;
--------------------------------------------------------
--  DDL for Table AC_YEAR
--------------------------------------------------------

  CREATE TABLE "REGISTRAR"."AC_YEAR" 
   (	"AC_YEAR_CODE" NUMBER, 
	"GC_YEAR" VARCHAR2(20 BYTE), 
	"ET_YEAR" VARCHAR2(20 BYTE), 
	"START_DATE" DATE, 
	"END_DATE" DATE, 
	"AC_NOTE" VARCHAR2(200 BYTE)
   ) SEGMENT CREATION IMMEDIATE 
  PCTFREE 10 PCTUSED 40 INITRANS 1 MAXTRANS 255 NOCOMPRESS LOGGING
  STORAGE(INITIAL 65536 NEXT 1048576 MINEXTENTS 1 MAXEXTENTS 2147483645
  PCTINCREASE 0 FREELISTS 1 FREELIST GROUPS 1 BUFFER_POOL DEFAULT FLASH_CACHE DEFAULT CELL_FLASH_CACHE DEFAULT)
  TABLESPACE "USERS" ;
--------------------------------------------------------
--  DDL for Table ASSESSMENT_RESULT
--------------------------------------------------------

  CREATE TABLE "REGISTRAR"."ASSESSMENT_RESULT" 
   (	"RESULT_CODE" NUMBER, 
	"RESULT_ENROLL_CODE" NUMBER, 
	"RESULT_ASSESS_CODE" NUMBER, 
	"RESULT_SCORE" FLOAT(63)
   ) SEGMENT CREATION IMMEDIATE 
  PCTFREE 10 PCTUSED 40 INITRANS 1 MAXTRANS 255 NOCOMPRESS LOGGING
  STORAGE(INITIAL 65536 NEXT 1048576 MINEXTENTS 1 MAXEXTENTS 2147483645
  PCTINCREASE 0 FREELISTS 1 FREELIST GROUPS 1 BUFFER_POOL DEFAULT FLASH_CACHE DEFAULT CELL_FLASH_CACHE DEFAULT)
  TABLESPACE "USERS" ;
--------------------------------------------------------
--  DDL for Table ASSESSMENT_WEIGHT
--------------------------------------------------------

  CREATE TABLE "REGISTRAR"."ASSESSMENT_WEIGHT" 
   (	"ASSESS_WEIGHT_CODE" NUMBER, 
	"ASSESS_TITLE" VARCHAR2(20 BYTE), 
	"ASSESS_WEIGHT" FLOAT(63), 
	"ASSESS_COURSEBREAK_CODE" NUMBER
   ) SEGMENT CREATION IMMEDIATE 
  PCTFREE 10 PCTUSED 40 INITRANS 1 MAXTRANS 255 NOCOMPRESS LOGGING
  STORAGE(INITIAL 65536 NEXT 1048576 MINEXTENTS 1 MAXEXTENTS 2147483645
  PCTINCREASE 0 FREELISTS 1 FREELIST GROUPS 1 BUFFER_POOL DEFAULT FLASH_CACHE DEFAULT CELL_FLASH_CACHE DEFAULT)
  TABLESPACE "USERS" ;
--------------------------------------------------------
--  DDL for Table COURSE
--------------------------------------------------------

  CREATE TABLE "REGISTRAR"."COURSE" 
   (	"COURSE_ID" NUMBER, 
	"COURSE_CODE" VARCHAR2(20 BYTE), 
	"TITLE" NVARCHAR2(200), 
	"CREDIT" NUMBER(*,0), 
	"LECTURE" NUMBER(*,0), 
	"LABORATORY" NUMBER(*,0), 
	"TUTOR" NUMBER(*,0), 
	"HOME_STUDY" NUMBER, 
	"DELIVER_YEAR" NUMBER(*,0), 
	"DELIVER_SEMESTER" NUMBER(*,0), 
	"CATAGORY" VARCHAR2(20 BYTE), 
	"OFFER_OPTION" VARCHAR2(20 BYTE), 
	"COURSE_CURR_CODE" NUMBER, 
	"OWNER_DEPT_CODE" NUMBER
   ) SEGMENT CREATION IMMEDIATE 
  PCTFREE 10 PCTUSED 40 INITRANS 1 MAXTRANS 255 NOCOMPRESS LOGGING
  STORAGE(INITIAL 65536 NEXT 1048576 MINEXTENTS 1 MAXEXTENTS 2147483645
  PCTINCREASE 0 FREELISTS 1 FREELIST GROUPS 1 BUFFER_POOL DEFAULT FLASH_CACHE DEFAULT CELL_FLASH_CACHE DEFAULT)
  TABLESPACE "USERS" ;
--------------------------------------------------------
--  DDL for Table COURSE_BREAKDOWN
--------------------------------------------------------

  CREATE TABLE "REGISTRAR"."COURSE_BREAKDOWN" 
   (	"COURSE_BREAK_CODE" NUMBER, 
	"BREAK_COURSE_ID" NUMBER, 
	"BREAK_YEAR" NUMBER(*,0), 
	"BREAK_SEMESTER_CODE" NUMBER
   ) SEGMENT CREATION IMMEDIATE 
  PCTFREE 10 PCTUSED 40 INITRANS 1 MAXTRANS 255 NOCOMPRESS LOGGING
  STORAGE(INITIAL 65536 NEXT 1048576 MINEXTENTS 1 MAXEXTENTS 2147483645
  PCTINCREASE 0 FREELISTS 1 FREELIST GROUPS 1 BUFFER_POOL DEFAULT FLASH_CACHE DEFAULT CELL_FLASH_CACHE DEFAULT)
  TABLESPACE "USERS" ;
--------------------------------------------------------
--  DDL for Table COURSE_PREREQUISITE
--------------------------------------------------------

  CREATE TABLE "REGISTRAR"."COURSE_PREREQUISITE" 
   (	"PER_CODE" NUMBER, 
	"COURSE_ID" NUMBER, 
	"PRE_COURSE_ID" NUMBER
   ) SEGMENT CREATION IMMEDIATE 
  PCTFREE 10 PCTUSED 40 INITRANS 1 MAXTRANS 255 NOCOMPRESS LOGGING
  STORAGE(INITIAL 65536 NEXT 1048576 MINEXTENTS 1 MAXEXTENTS 2147483645
  PCTINCREASE 0 FREELISTS 1 FREELIST GROUPS 1 BUFFER_POOL DEFAULT FLASH_CACHE DEFAULT CELL_FLASH_CACHE DEFAULT)
  TABLESPACE "USERS" ;
--------------------------------------------------------
--  DDL for Table CURRICULUM
--------------------------------------------------------

  CREATE TABLE "REGISTRAR"."CURRICULUM" 
   (	"CURR_CODE" NUMBER, 
	"FIELD_OF_STUDY" VARCHAR2(100 BYTE), 
	"EN_NOMENCLATURE" VARCHAR2(200 BYTE), 
	"AM_NOMENCLATURE" NVARCHAR2(200), 
	"PROGRAM" VARCHAR2(20 BYTE), 
	"ADMISSION_CLASS" VARCHAR2(20 BYTE), 
	"STAY_YEAR" NUMBER(*,0), 
	"STAY_SEMESTER" NUMBER(*,0), 
	"MIN_CREDIT" NUMBER, 
	"CURR_VERSION" VARCHAR2(20 BYTE), 
	"CURR_DEPT_CODE" NUMBER
   ) SEGMENT CREATION IMMEDIATE 
  PCTFREE 10 PCTUSED 40 INITRANS 1 MAXTRANS 255 NOCOMPRESS LOGGING
  STORAGE(INITIAL 65536 NEXT 1048576 MINEXTENTS 1 MAXEXTENTS 2147483645
  PCTINCREASE 0 FREELISTS 1 FREELIST GROUPS 1 BUFFER_POOL DEFAULT FLASH_CACHE DEFAULT CELL_FLASH_CACHE DEFAULT)
  TABLESPACE "USERS" ;
--------------------------------------------------------
--  DDL for Table DEPARTMENT
--------------------------------------------------------

  CREATE TABLE "REGISTRAR"."DEPARTMENT" 
   (	"DEPT_CODE" NUMBER, 
	"DEPT_NAME" VARCHAR2(100 BYTE), 
	"DEPT_PHONE" VARCHAR2(20 BYTE), 
	"DEPT_FAX" VARCHAR2(20 BYTE), 
	"DEPT_EMAIL" VARCHAR2(100 BYTE), 
	"DEPT_FACULTY_CODE" NUMBER, 
	"DEPT_BUILDING" VARCHAR2(20 BYTE), 
	"DEPT_OFFICE" VARCHAR2(20 BYTE)
   ) SEGMENT CREATION IMMEDIATE 
  PCTFREE 10 PCTUSED 40 INITRANS 1 MAXTRANS 255 NOCOMPRESS LOGGING
  STORAGE(INITIAL 65536 NEXT 1048576 MINEXTENTS 1 MAXEXTENTS 2147483645
  PCTINCREASE 0 FREELISTS 1 FREELIST GROUPS 1 BUFFER_POOL DEFAULT FLASH_CACHE DEFAULT CELL_FLASH_CACHE DEFAULT)
  TABLESPACE "USERS" ;
--------------------------------------------------------
--  DDL for Table EMPLOYEE
--------------------------------------------------------

  CREATE TABLE "REGISTRAR"."EMPLOYEE" 
   (	"EMPLOYEE_ID" VARCHAR2(20 BYTE), 
	"NAME" VARCHAR2(80 BYTE), 
	"FATHER_NAME" VARCHAR2(80 BYTE), 
	"GRANDFATHER_NAME" VARCHAR2(80 BYTE), 
	"SEX" VARCHAR2(20 BYTE), 
	"DATE_OF_BIRTH" DATE, 
	"HIRED_DATE" DATE, 
	"EMP_DEPT_CODE" NUMBER
   ) SEGMENT CREATION IMMEDIATE 
  PCTFREE 10 PCTUSED 40 INITRANS 1 MAXTRANS 255 NOCOMPRESS LOGGING
  STORAGE(INITIAL 65536 NEXT 1048576 MINEXTENTS 1 MAXEXTENTS 2147483645
  PCTINCREASE 0 FREELISTS 1 FREELIST GROUPS 1 BUFFER_POOL DEFAULT FLASH_CACHE DEFAULT CELL_FLASH_CACHE DEFAULT)
  TABLESPACE "USERS" ;
--------------------------------------------------------
--  DDL for Table ENROLLMENT
--------------------------------------------------------

  CREATE TABLE "REGISTRAR"."ENROLLMENT" 
   (	"ENROLL_CODE" NUMBER, 
	"STUDENT_ID" VARCHAR2(20 BYTE), 
	"COURSE_BREAK_CODE" NUMBER, 
	"SEMESTER_CODE" NUMBER, 
	"ENROLL_DATE" DATE
   ) SEGMENT CREATION IMMEDIATE 
  PCTFREE 10 PCTUSED 40 INITRANS 1 MAXTRANS 255 NOCOMPRESS LOGGING
  STORAGE(INITIAL 65536 NEXT 1048576 MINEXTENTS 1 MAXEXTENTS 2147483645
  PCTINCREASE 0 FREELISTS 1 FREELIST GROUPS 1 BUFFER_POOL DEFAULT FLASH_CACHE DEFAULT CELL_FLASH_CACHE DEFAULT)
  TABLESPACE "USERS" ;
--------------------------------------------------------
--  DDL for Table FACULTY
--------------------------------------------------------

  CREATE TABLE "REGISTRAR"."FACULTY" 
   (	"FACULTY_CODE" NUMBER, 
	"FACULTY_NAME" VARCHAR2(100 BYTE), 
	"FACULTY_PHONE" VARCHAR2(20 BYTE), 
	"FACULTY_FAX" VARCHAR2(20 BYTE), 
	"FACULTY_EMAIL" VARCHAR2(100 BYTE), 
	"FACULTY_BUILDING" VARCHAR2(20 BYTE), 
	"FACULTY_OFFICE" VARCHAR2(20 BYTE)
   ) SEGMENT CREATION IMMEDIATE 
  PCTFREE 10 PCTUSED 40 INITRANS 1 MAXTRANS 255 NOCOMPRESS LOGGING
  STORAGE(INITIAL 65536 NEXT 1048576 MINEXTENTS 1 MAXEXTENTS 2147483645
  PCTINCREASE 0 FREELISTS 1 FREELIST GROUPS 1 BUFFER_POOL DEFAULT FLASH_CACHE DEFAULT CELL_FLASH_CACHE DEFAULT)
  TABLESPACE "USERS" ;
--------------------------------------------------------
--  DDL for Table INSTRUCTOR_ASSIGN
--------------------------------------------------------

  CREATE TABLE "REGISTRAR"."INSTRUCTOR_ASSIGN" 
   (	"INST_CODE" NUMBER, 
	"INST_COURSEBREAK_CODE" NUMBER, 
	"INST_EMP_ID" VARCHAR2(20 BYTE), 
	"INST_SECTION_CODE" NUMBER, 
	"INST_SEMESTER_CODE" NUMBER
   ) SEGMENT CREATION IMMEDIATE 
  PCTFREE 10 PCTUSED 40 INITRANS 1 MAXTRANS 255 NOCOMPRESS LOGGING
  STORAGE(INITIAL 65536 NEXT 1048576 MINEXTENTS 1 MAXEXTENTS 2147483645
  PCTINCREASE 0 FREELISTS 1 FREELIST GROUPS 1 BUFFER_POOL DEFAULT FLASH_CACHE DEFAULT CELL_FLASH_CACHE DEFAULT)
  TABLESPACE "USERS" ;
--------------------------------------------------------
--  DDL for Table ROLE
--------------------------------------------------------

  CREATE TABLE "REGISTRAR"."ROLE" 
   (	"ROLE_ID" NUMBER, 
	"ROLE_NAME" VARCHAR2(50 BYTE), 
	"ROLE_DESCRIPTION" VARCHAR2(200 BYTE)
   ) SEGMENT CREATION IMMEDIATE 
  PCTFREE 10 PCTUSED 40 INITRANS 1 MAXTRANS 255 NOCOMPRESS LOGGING
  STORAGE(INITIAL 65536 NEXT 1048576 MINEXTENTS 1 MAXEXTENTS 2147483645
  PCTINCREASE 0 FREELISTS 1 FREELIST GROUPS 1 BUFFER_POOL DEFAULT FLASH_CACHE DEFAULT CELL_FLASH_CACHE DEFAULT)
  TABLESPACE "USERS" ;
--------------------------------------------------------
--  DDL for Table SECTION
--------------------------------------------------------

  CREATE TABLE "REGISTRAR"."SECTION" 
   (	"SECTION_CODE" NUMBER, 
	"YEAR" VARCHAR2(20 BYTE), 
	"SECTION" VARCHAR2(20 BYTE), 
	"SEMESTER_CODE" NUMBER, 
	"DEPT_CODE" NUMBER
   ) SEGMENT CREATION IMMEDIATE 
  PCTFREE 10 PCTUSED 40 INITRANS 1 MAXTRANS 255 NOCOMPRESS LOGGING
  STORAGE(INITIAL 65536 NEXT 1048576 MINEXTENTS 1 MAXEXTENTS 2147483645
  PCTINCREASE 0 FREELISTS 1 FREELIST GROUPS 1 BUFFER_POOL DEFAULT FLASH_CACHE DEFAULT CELL_FLASH_CACHE DEFAULT)
  TABLESPACE "USERS" ;
--------------------------------------------------------
--  DDL for Table STUDENT
--------------------------------------------------------

  CREATE TABLE "REGISTRAR"."STUDENT" 
   (	"STUDENT_ID" VARCHAR2(20 BYTE), 
	"NAME" VARCHAR2(80 BYTE), 
	"FATHER_NAME" VARCHAR2(80 BYTE), 
	"GRANDFATHER_NAME" VARCHAR2(80 BYTE), 
	"SEX" VARCHAR2(10 BYTE), 
	"DATE_OF_BIRTH" DATE, 
	"PHOTO" BLOB, 
	"STUDENT_DEPT_CODE" NUMBER, 
	"PHONE" VARCHAR2(20 BYTE), 
	"EMAIL" VARCHAR2(100 BYTE)
   ) SEGMENT CREATION IMMEDIATE 
  PCTFREE 10 PCTUSED 40 INITRANS 1 MAXTRANS 255 NOCOMPRESS LOGGING
  STORAGE(INITIAL 65536 NEXT 1048576 MINEXTENTS 1 MAXEXTENTS 2147483645
  PCTINCREASE 0 FREELISTS 1 FREELIST GROUPS 1 BUFFER_POOL DEFAULT FLASH_CACHE DEFAULT CELL_FLASH_CACHE DEFAULT)
  TABLESPACE "USERS" 
 LOB ("PHOTO") STORE AS BASICFILE (
  TABLESPACE "USERS" ENABLE STORAGE IN ROW CHUNK 8192 RETENTION 
  NOCACHE LOGGING 
  STORAGE(INITIAL 65536 NEXT 1048576 MINEXTENTS 1 MAXEXTENTS 2147483645
  PCTINCREASE 0 FREELISTS 1 FREELIST GROUPS 1 BUFFER_POOL DEFAULT FLASH_CACHE DEFAULT CELL_FLASH_CACHE DEFAULT)) ;
--------------------------------------------------------
--  DDL for Table STUDENT_SECTION
--------------------------------------------------------

  CREATE TABLE "REGISTRAR"."STUDENT_SECTION" 
   (	"STUD_SEC_CODE" NUMBER, 
	"STUD_SEC_ENROLL_CODE" NUMBER, 
	"STUD_SECTION_CODE" NUMBER
   ) SEGMENT CREATION IMMEDIATE 
  PCTFREE 10 PCTUSED 40 INITRANS 1 MAXTRANS 255 NOCOMPRESS LOGGING
  STORAGE(INITIAL 65536 NEXT 1048576 MINEXTENTS 1 MAXEXTENTS 2147483645
  PCTINCREASE 0 FREELISTS 1 FREELIST GROUPS 1 BUFFER_POOL DEFAULT FLASH_CACHE DEFAULT CELL_FLASH_CACHE DEFAULT)
  TABLESPACE "USERS" ;
--------------------------------------------------------
--  DDL for Table USER_ACCOUNT
--------------------------------------------------------

  CREATE TABLE "REGISTRAR"."USER_ACCOUNT" 
   (	"USER_ID" NUMBER, 
	"USER_EMP_ID" VARCHAR2(20 BYTE), 
	"USERNAME" VARCHAR2(80 BYTE), 
	"PASSWORD" VARCHAR2(200 BYTE), 
	"STATUS" NUMBER(*,0), 
	"LAST_LOGIN_DATE" DATE, 
	"CREATED_DATE" DATE
   ) SEGMENT CREATION IMMEDIATE 
  PCTFREE 10 PCTUSED 40 INITRANS 1 MAXTRANS 255 NOCOMPRESS LOGGING
  STORAGE(INITIAL 65536 NEXT 1048576 MINEXTENTS 1 MAXEXTENTS 2147483645
  PCTINCREASE 0 FREELISTS 1 FREELIST GROUPS 1 BUFFER_POOL DEFAULT FLASH_CACHE DEFAULT CELL_FLASH_CACHE DEFAULT)
  TABLESPACE "USERS" ;
--------------------------------------------------------
--  DDL for Table USER_ROLE
--------------------------------------------------------

  CREATE TABLE "REGISTRAR"."USER_ROLE" 
   (	"USER_ROLE_CODE" NUMBER, 
	"EFFECTIVE_DATE" DATE, 
	"EXPIRY_DATE" DATE, 
	"USER_ROLE_USER_ID" NUMBER, 
	"USER_ROLE_ROLE_ID" NUMBER, 
	"ASSIGNED_DATE" DATE
   ) SEGMENT CREATION IMMEDIATE 
  PCTFREE 10 PCTUSED 40 INITRANS 1 MAXTRANS 255 NOCOMPRESS LOGGING
  STORAGE(INITIAL 65536 NEXT 1048576 MINEXTENTS 1 MAXEXTENTS 2147483645
  PCTINCREASE 0 FREELISTS 1 FREELIST GROUPS 1 BUFFER_POOL DEFAULT FLASH_CACHE DEFAULT CELL_FLASH_CACHE DEFAULT)
  TABLESPACE "USERS" ;
REM INSERTING into REGISTRAR.AC_SEMESTER
SET DEFINE OFF;
REM INSERTING into REGISTRAR.AC_YEAR
SET DEFINE OFF;
REM INSERTING into REGISTRAR.ASSESSMENT_RESULT
SET DEFINE OFF;
REM INSERTING into REGISTRAR.ASSESSMENT_WEIGHT
SET DEFINE OFF;
REM INSERTING into REGISTRAR.COURSE
SET DEFINE OFF;
REM INSERTING into REGISTRAR.COURSE_BREAKDOWN
SET DEFINE OFF;
REM INSERTING into REGISTRAR.COURSE_PREREQUISITE
SET DEFINE OFF;
REM INSERTING into REGISTRAR.CURRICULUM
SET DEFINE OFF;
REM INSERTING into REGISTRAR.DEPARTMENT
SET DEFINE OFF;
Insert into REGISTRAR.DEPARTMENT (DEPT_CODE,DEPT_NAME,DEPT_PHONE,DEPT_FAX,DEPT_EMAIL,DEPT_FACULTY_CODE,DEPT_BUILDING,DEPT_OFFICE) values (44,'Computer Engineering','232321312','12312','sb@gmail.com',3,null,null);
Insert into REGISTRAR.DEPARTMENT (DEPT_CODE,DEPT_NAME,DEPT_PHONE,DEPT_FAX,DEPT_EMAIL,DEPT_FACULTY_CODE,DEPT_BUILDING,DEPT_OFFICE) values (1,'History','1234567','1234567','his@gmail.com',27,'123','122');
Insert into REGISTRAR.DEPARTMENT (DEPT_CODE,DEPT_NAME,DEPT_PHONE,DEPT_FAX,DEPT_EMAIL,DEPT_FACULTY_CODE,DEPT_BUILDING,DEPT_OFFICE) values (23,'Information Technology','1235','123435','cs@dbu.edu.et',3,null,null);
Insert into REGISTRAR.DEPARTMENT (DEPT_CODE,DEPT_NAME,DEPT_PHONE,DEPT_FAX,DEPT_EMAIL,DEPT_FACULTY_CODE,DEPT_BUILDING,DEPT_OFFICE) values (25,'Biology',null,null,null,28,null,null);
Insert into REGISTRAR.DEPARTMENT (DEPT_CODE,DEPT_NAME,DEPT_PHONE,DEPT_FAX,DEPT_EMAIL,DEPT_FACULTY_CODE,DEPT_BUILDING,DEPT_OFFICE) values (26,'Chemistry',null,null,null,28,null,null);
Insert into REGISTRAR.DEPARTMENT (DEPT_CODE,DEPT_NAME,DEPT_PHONE,DEPT_FAX,DEPT_EMAIL,DEPT_FACULTY_CODE,DEPT_BUILDING,DEPT_OFFICE) values (27,'Soil Engineering',null,null,null,26,null,null);
Insert into REGISTRAR.DEPARTMENT (DEPT_CODE,DEPT_NAME,DEPT_PHONE,DEPT_FAX,DEPT_EMAIL,DEPT_FACULTY_CODE,DEPT_BUILDING,DEPT_OFFICE) values (43,'Department of desk','12232323','12121333','dept@gmail.com',48,null,null);
Insert into REGISTRAR.DEPARTMENT (DEPT_CODE,DEPT_NAME,DEPT_PHONE,DEPT_FAX,DEPT_EMAIL,DEPT_FACULTY_CODE,DEPT_BUILDING,DEPT_OFFICE) values (21,'English',null,null,null,27,null,null);
Insert into REGISTRAR.DEPARTMENT (DEPT_CODE,DEPT_NAME,DEPT_PHONE,DEPT_FAX,DEPT_EMAIL,DEPT_FACULTY_CODE,DEPT_BUILDING,DEPT_OFFICE) values (22,'Computer Science','1235','123435','cs@dbu.edu.et',3,null,null);
Insert into REGISTRAR.DEPARTMENT (DEPT_CODE,DEPT_NAME,DEPT_PHONE,DEPT_FAX,DEPT_EMAIL,DEPT_FACULTY_CODE,DEPT_BUILDING,DEPT_OFFICE) values (24,'Civil Engineering','1235','123435','civil@dbu.edu.et',4,null,null);
Insert into REGISTRAR.DEPARTMENT (DEPT_CODE,DEPT_NAME,DEPT_PHONE,DEPT_FAX,DEPT_EMAIL,DEPT_FACULTY_CODE,DEPT_BUILDING,DEPT_OFFICE) values (28,'Natural Resource','21345643','24543543','soil@dbu.edu',26,null,null);
Insert into REGISTRAR.DEPARTMENT (DEPT_CODE,DEPT_NAME,DEPT_PHONE,DEPT_FAX,DEPT_EMAIL,DEPT_FACULTY_CODE,DEPT_BUILDING,DEPT_OFFICE) values (41,'Health officer','123123','132312','ho@gmail.com',27,null,null);
REM INSERTING into REGISTRAR.EMPLOYEE
SET DEFINE OFF;
REM INSERTING into REGISTRAR.ENROLLMENT
SET DEFINE OFF;
REM INSERTING into REGISTRAR.FACULTY
SET DEFINE OFF;
Insert into REGISTRAR.FACULTY (FACULTY_CODE,FACULTY_NAME,FACULTY_PHONE,FACULTY_FAX,FACULTY_EMAIL,FACULTY_BUILDING,FACULTY_OFFICE) values (26,'College of Agriculture','12345','12345','agri@gmail.com','123','123');
Insert into REGISTRAR.FACULTY (FACULTY_CODE,FACULTY_NAME,FACULTY_PHONE,FACULTY_FAX,FACULTY_EMAIL,FACULTY_BUILDING,FACULTY_OFFICE) values (5,'College of Health Science','0116814524','0116812367','hs@dbu.edu.et','SE-14','103');
Insert into REGISTRAR.FACULTY (FACULTY_CODE,FACULTY_NAME,FACULTY_PHONE,FACULTY_FAX,FACULTY_EMAIL,FACULTY_BUILDING,FACULTY_OFFICE) values (46,'College of Web technology','01236485666','013654789','web@gmail.com','122','122');
Insert into REGISTRAR.FACULTY (FACULTY_CODE,FACULTY_NAME,FACULTY_PHONE,FACULTY_FAX,FACULTY_EMAIL,FACULTY_BUILDING,FACULTY_OFFICE) values (63,'College of departmmmm','12312','12312','dem@dm.com',null,null);
Insert into REGISTRAR.FACULTY (FACULTY_CODE,FACULTY_NAME,FACULTY_PHONE,FACULTY_FAX,FACULTY_EMAIL,FACULTY_BUILDING,FACULTY_OFFICE) values (43,'Faculty of Business and Economics','78965412330','78977878787','fbe@dbu.edu',null,null);
Insert into REGISTRAR.FACULTY (FACULTY_CODE,FACULTY_NAME,FACULTY_PHONE,FACULTY_FAX,FACULTY_EMAIL,FACULTY_BUILDING,FACULTY_OFFICE) values (27,'College of Social Science','12345','12345','ssc@gmail.com','123','123');
Insert into REGISTRAR.FACULTY (FACULTY_CODE,FACULTY_NAME,FACULTY_PHONE,FACULTY_FAX,FACULTY_EMAIL,FACULTY_BUILDING,FACULTY_OFFICE) values (41,'College of Java Server Pages','123654789','123654789','jsp@gmail.com',null,null);
Insert into REGISTRAR.FACULTY (FACULTY_CODE,FACULTY_NAME,FACULTY_PHONE,FACULTY_FAX,FACULTY_EMAIL,FACULTY_BUILDING,FACULTY_OFFICE) values (48,'College of Internet Programming','123456789','123457678','ip@gmail.com',null,null);
Insert into REGISTRAR.FACULTY (FACULTY_CODE,FACULTY_NAME,FACULTY_PHONE,FACULTY_FAX,FACULTY_EMAIL,FACULTY_BUILDING,FACULTY_OFFICE) values (49,'College of Natural Resource','1236547892','1236547892','resource@gmail.com',null,null);
Insert into REGISTRAR.FACULTY (FACULTY_CODE,FACULTY_NAME,FACULTY_PHONE,FACULTY_FAX,FACULTY_EMAIL,FACULTY_BUILDING,FACULTY_OFFICE) values (62,'College of Java JSP FOrm','23435325435','32453453454','jspform@java.com',null,null);
Insert into REGISTRAR.FACULTY (FACULTY_CODE,FACULTY_NAME,FACULTY_PHONE,FACULTY_FAX,FACULTY_EMAIL,FACULTY_BUILDING,FACULTY_OFFICE) values (64,'College web Prograaming with JSP','1423412423','1412341234','jsp@gmai.cmm',null,null);
Insert into REGISTRAR.FACULTY (FACULTY_CODE,FACULTY_NAME,FACULTY_PHONE,FACULTY_FAX,FACULTY_EMAIL,FACULTY_BUILDING,FACULTY_OFFICE) values (42,'College of Servletes','1233654789','1236554788','ser@gmail.com',null,null);
Insert into REGISTRAR.FACULTY (FACULTY_CODE,FACULTY_NAME,FACULTY_PHONE,FACULTY_FAX,FACULTY_EMAIL,FACULTY_BUILDING,FACULTY_OFFICE) values (61,'College of Java Library','23435325435','32453453454','library@java.com',null,null);
Insert into REGISTRAR.FACULTY (FACULTY_CODE,FACULTY_NAME,FACULTY_PHONE,FACULTY_FAX,FACULTY_EMAIL,FACULTY_BUILDING,FACULTY_OFFICE) values (47,'College of Java Programming','123654789','123654789','java@gmail.com',null,null);
Insert into REGISTRAR.FACULTY (FACULTY_CODE,FACULTY_NAME,FACULTY_PHONE,FACULTY_FAX,FACULTY_EMAIL,FACULTY_BUILDING,FACULTY_OFFICE) values (3,'College of Computing','0116812365','0116813265','computing@dbu.edu.et','DH-01','012');
Insert into REGISTRAR.FACULTY (FACULTY_CODE,FACULTY_NAME,FACULTY_PHONE,FACULTY_FAX,FACULTY_EMAIL,FACULTY_BUILDING,FACULTY_OFFICE) values (4,'College of Engineering','0116814523','0116812365','engineering@dbu.edu.et','SE-14','101');
Insert into REGISTRAR.FACULTY (FACULTY_CODE,FACULTY_NAME,FACULTY_PHONE,FACULTY_FAX,FACULTY_EMAIL,FACULTY_BUILDING,FACULTY_OFFICE) values (28,'college of Natural Science','01195623','0911652365','ns@gmail.com','SE-01','210');
REM INSERTING into REGISTRAR.INSTRUCTOR_ASSIGN
SET DEFINE OFF;
REM INSERTING into REGISTRAR.ROLE
SET DEFINE OFF;
REM INSERTING into REGISTRAR.SECTION
SET DEFINE OFF;
REM INSERTING into REGISTRAR.STUDENT
SET DEFINE OFF;
Insert into REGISTRAR.STUDENT (STUDENT_ID,NAME,FATHER_NAME,GRANDFATHER_NAME,SEX,DATE_OF_BIRTH,STUDENT_DEPT_CODE,PHONE,EMAIL) values ('IT0004','Solomon','Akalu','Gemda','Male',to_date('12-MAY-00','DD-MON-RR'),23,'(251)-245454545','sol@gmail.com');
Insert into REGISTRAR.STUDENT (STUDENT_ID,NAME,FATHER_NAME,GRANDFATHER_NAME,SEX,DATE_OF_BIRTH,STUDENT_DEPT_CODE,PHONE,EMAIL) values ('IT00223','Abebe','Kebe','Mensur','Male',to_date('15-MAY-92','DD-MON-RR'),23,'(251)-121232323',null);
Insert into REGISTRAR.STUDENT (STUDENT_ID,NAME,FATHER_NAME,GRANDFATHER_NAME,SEX,DATE_OF_BIRTH,STUDENT_DEPT_CODE,PHONE,EMAIL) values ('24324','Meron','Almneh','Selamyihun','Female',to_date('13-MAY-92','DD-MON-RR'),28,'(251)-234564564','meron@dbu.edu');
Insert into REGISTRAR.STUDENT (STUDENT_ID,NAME,FATHER_NAME,GRANDFATHER_NAME,SEX,DATE_OF_BIRTH,STUDENT_DEPT_CODE,PHONE,EMAIL) values ('It0002','Abebe','Kebede','Lemma','Male',to_date('01-MAY-17','DD-MON-RR'),23,null,null);
Insert into REGISTRAR.STUDENT (STUDENT_ID,NAME,FATHER_NAME,GRANDFATHER_NAME,SEX,DATE_OF_BIRTH,STUDENT_DEPT_CODE,PHONE,EMAIL) values ('IT0005','Almaz','Ababu','Kebede','Male',to_date('12-MAY-00','DD-MON-RR'),23,'(251)-245454545','almaz@gmail.com');
Insert into REGISTRAR.STUDENT (STUDENT_ID,NAME,FATHER_NAME,GRANDFATHER_NAME,SEX,DATE_OF_BIRTH,STUDENT_DEPT_CODE,PHONE,EMAIL) values ('IT00224','Selam','Brhanu','Tewelde','Female',to_date('15-MAY-92','DD-MON-RR'),23,'(251)-121232323','selam@gmail.com');
Insert into REGISTRAR.STUDENT (STUDENT_ID,NAME,FATHER_NAME,GRANDFATHER_NAME,SEX,DATE_OF_BIRTH,STUDENT_DEPT_CODE,PHONE,EMAIL) values ('1236','Meron','Almneh','Bezabh','Female',to_date('13-MAY-92','DD-MON-RR'),28,'(251)-234564564','meron@dbu.edu');
Insert into REGISTRAR.STUDENT (STUDENT_ID,NAME,FATHER_NAME,GRANDFATHER_NAME,SEX,DATE_OF_BIRTH,STUDENT_DEPT_CODE,PHONE,EMAIL) values ('COmp00122','Abebe','Kebede','Lemma','Male',to_date('19-MAY-17','DD-MON-RR'),28,'(251)-234342343','chjsfj@sjfhsd.com');
Insert into REGISTRAR.STUDENT (STUDENT_ID,NAME,FATHER_NAME,GRANDFATHER_NAME,SEX,DATE_OF_BIRTH,STUDENT_DEPT_CODE,PHONE,EMAIL) values ('IT00225','Selam','Mokonnen','Tewelde','Female',to_date('04-MAY-95','DD-MON-RR'),23,'(251)-121232323','selam@gmail.com');
Insert into REGISTRAR.STUDENT (STUDENT_ID,NAME,FATHER_NAME,GRANDFATHER_NAME,SEX,DATE_OF_BIRTH,STUDENT_DEPT_CODE,PHONE,EMAIL) values ('12364','Ahmed','Almneh','Teshome','Male',to_date('13-MAY-92','DD-MON-RR'),28,'(251)-234564564','ahmed@gmail.com');
REM INSERTING into REGISTRAR.STUDENT_SECTION
SET DEFINE OFF;
REM INSERTING into REGISTRAR.USER_ACCOUNT
SET DEFINE OFF;
REM INSERTING into REGISTRAR.USER_ROLE
SET DEFINE OFF;
--------------------------------------------------------
--  DDL for Index ENROLLMENT_PK
--------------------------------------------------------

  CREATE UNIQUE INDEX "REGISTRAR"."ENROLLMENT_PK" ON "REGISTRAR"."ENROLLMENT" ("STUDENT_ID", "COURSE_BREAK_CODE", "SEMESTER_CODE") 
  PCTFREE 10 INITRANS 2 MAXTRANS 255 COMPUTE STATISTICS 
  STORAGE(INITIAL 65536 NEXT 1048576 MINEXTENTS 1 MAXEXTENTS 2147483645
  PCTINCREASE 0 FREELISTS 1 FREELIST GROUPS 1 BUFFER_POOL DEFAULT FLASH_CACHE DEFAULT CELL_FLASH_CACHE DEFAULT)
  TABLESPACE "USERS" ;
--------------------------------------------------------
--  DDL for Index COURSE_UK1
--------------------------------------------------------

  CREATE UNIQUE INDEX "REGISTRAR"."COURSE_UK1" ON "REGISTRAR"."COURSE" ("COURSE_ID") 
  PCTFREE 10 INITRANS 2 MAXTRANS 255 COMPUTE STATISTICS 
  STORAGE(INITIAL 65536 NEXT 1048576 MINEXTENTS 1 MAXEXTENTS 2147483645
  PCTINCREASE 0 FREELISTS 1 FREELIST GROUPS 1 BUFFER_POOL DEFAULT FLASH_CACHE DEFAULT CELL_FLASH_CACHE DEFAULT)
  TABLESPACE "USERS" ;
--------------------------------------------------------
--  DDL for Index CURRICULUM_PK
--------------------------------------------------------

  CREATE UNIQUE INDEX "REGISTRAR"."CURRICULUM_PK" ON "REGISTRAR"."CURRICULUM" ("CURR_CODE") 
  PCTFREE 10 INITRANS 2 MAXTRANS 255 COMPUTE STATISTICS 
  STORAGE(INITIAL 65536 NEXT 1048576 MINEXTENTS 1 MAXEXTENTS 2147483645
  PCTINCREASE 0 FREELISTS 1 FREELIST GROUPS 1 BUFFER_POOL DEFAULT FLASH_CACHE DEFAULT CELL_FLASH_CACHE DEFAULT)
  TABLESPACE "USERS" ;
--------------------------------------------------------
--  DDL for Index USER_ACCOUNT_PK
--------------------------------------------------------

  CREATE UNIQUE INDEX "REGISTRAR"."USER_ACCOUNT_PK" ON "REGISTRAR"."USER_ACCOUNT" ("USER_ID") 
  PCTFREE 10 INITRANS 2 MAXTRANS 255 COMPUTE STATISTICS 
  STORAGE(INITIAL 65536 NEXT 1048576 MINEXTENTS 1 MAXEXTENTS 2147483645
  PCTINCREASE 0 FREELISTS 1 FREELIST GROUPS 1 BUFFER_POOL DEFAULT FLASH_CACHE DEFAULT CELL_FLASH_CACHE DEFAULT)
  TABLESPACE "USERS" ;
--------------------------------------------------------
--  DDL for Index USER_ACCOUNT_UK2
--------------------------------------------------------

  CREATE UNIQUE INDEX "REGISTRAR"."USER_ACCOUNT_UK2" ON "REGISTRAR"."USER_ACCOUNT" ("USER_EMP_ID") 
  PCTFREE 10 INITRANS 2 MAXTRANS 255 COMPUTE STATISTICS 
  STORAGE(INITIAL 65536 NEXT 1048576 MINEXTENTS 1 MAXEXTENTS 2147483645
  PCTINCREASE 0 FREELISTS 1 FREELIST GROUPS 1 BUFFER_POOL DEFAULT FLASH_CACHE DEFAULT CELL_FLASH_CACHE DEFAULT)
  TABLESPACE "USERS" ;
--------------------------------------------------------
--  DDL for Index USER_ROLE_PK
--------------------------------------------------------

  CREATE UNIQUE INDEX "REGISTRAR"."USER_ROLE_PK" ON "REGISTRAR"."USER_ROLE" ("USER_ROLE_CODE") 
  PCTFREE 10 INITRANS 2 MAXTRANS 255 COMPUTE STATISTICS 
  STORAGE(INITIAL 65536 NEXT 1048576 MINEXTENTS 1 MAXEXTENTS 2147483645
  PCTINCREASE 0 FREELISTS 1 FREELIST GROUPS 1 BUFFER_POOL DEFAULT FLASH_CACHE DEFAULT CELL_FLASH_CACHE DEFAULT)
  TABLESPACE "USERS" ;
--------------------------------------------------------
--  DDL for Index USER_ACCOUNT_UK1
--------------------------------------------------------

  CREATE UNIQUE INDEX "REGISTRAR"."USER_ACCOUNT_UK1" ON "REGISTRAR"."USER_ACCOUNT" ("USERNAME") 
  PCTFREE 10 INITRANS 2 MAXTRANS 255 COMPUTE STATISTICS 
  STORAGE(INITIAL 65536 NEXT 1048576 MINEXTENTS 1 MAXEXTENTS 2147483645
  PCTINCREASE 0 FREELISTS 1 FREELIST GROUPS 1 BUFFER_POOL DEFAULT FLASH_CACHE DEFAULT CELL_FLASH_CACHE DEFAULT)
  TABLESPACE "USERS" ;
--------------------------------------------------------
--  DDL for Index DEPARTMENT_PK
--------------------------------------------------------

  CREATE UNIQUE INDEX "REGISTRAR"."DEPARTMENT_PK" ON "REGISTRAR"."DEPARTMENT" ("DEPT_CODE") 
  PCTFREE 10 INITRANS 2 MAXTRANS 255 COMPUTE STATISTICS 
  STORAGE(INITIAL 65536 NEXT 1048576 MINEXTENTS 1 MAXEXTENTS 2147483645
  PCTINCREASE 0 FREELISTS 1 FREELIST GROUPS 1 BUFFER_POOL DEFAULT FLASH_CACHE DEFAULT CELL_FLASH_CACHE DEFAULT)
  TABLESPACE "USERS" ;
--------------------------------------------------------
--  DDL for Index ASSESSMENT_RESULT_PK
--------------------------------------------------------

  CREATE UNIQUE INDEX "REGISTRAR"."ASSESSMENT_RESULT_PK" ON "REGISTRAR"."ASSESSMENT_RESULT" ("RESULT_CODE") 
  PCTFREE 10 INITRANS 2 MAXTRANS 255 COMPUTE STATISTICS 
  STORAGE(INITIAL 65536 NEXT 1048576 MINEXTENTS 1 MAXEXTENTS 2147483645
  PCTINCREASE 0 FREELISTS 1 FREELIST GROUPS 1 BUFFER_POOL DEFAULT FLASH_CACHE DEFAULT CELL_FLASH_CACHE DEFAULT)
  TABLESPACE "USERS" ;
--------------------------------------------------------
--  DDL for Index COURSE_BREAKDOWN_UK1
--------------------------------------------------------

  CREATE UNIQUE INDEX "REGISTRAR"."COURSE_BREAKDOWN_UK1" ON "REGISTRAR"."COURSE_BREAKDOWN" ("BREAK_COURSE_ID", "BREAK_YEAR", "BREAK_SEMESTER_CODE") 
  PCTFREE 10 INITRANS 2 MAXTRANS 255 COMPUTE STATISTICS 
  STORAGE(INITIAL 65536 NEXT 1048576 MINEXTENTS 1 MAXEXTENTS 2147483645
  PCTINCREASE 0 FREELISTS 1 FREELIST GROUPS 1 BUFFER_POOL DEFAULT FLASH_CACHE DEFAULT CELL_FLASH_CACHE DEFAULT)
  TABLESPACE "USERS" ;
--------------------------------------------------------
--  DDL for Index CURRICULUM_VERSION_UK
--------------------------------------------------------

  CREATE UNIQUE INDEX "REGISTRAR"."CURRICULUM_VERSION_UK" ON "REGISTRAR"."CURRICULUM" ("CURR_VERSION") 
  PCTFREE 10 INITRANS 2 MAXTRANS 255 COMPUTE STATISTICS 
  STORAGE(INITIAL 65536 NEXT 1048576 MINEXTENTS 1 MAXEXTENTS 2147483645
  PCTINCREASE 0 FREELISTS 1 FREELIST GROUPS 1 BUFFER_POOL DEFAULT FLASH_CACHE DEFAULT CELL_FLASH_CACHE DEFAULT)
  TABLESPACE "USERS" ;
--------------------------------------------------------
--  DDL for Index STUDENT_PK
--------------------------------------------------------

  CREATE UNIQUE INDEX "REGISTRAR"."STUDENT_PK" ON "REGISTRAR"."STUDENT" ("STUDENT_ID") 
  PCTFREE 10 INITRANS 2 MAXTRANS 255 COMPUTE STATISTICS 
  STORAGE(INITIAL 65536 NEXT 1048576 MINEXTENTS 1 MAXEXTENTS 2147483645
  PCTINCREASE 0 FREELISTS 1 FREELIST GROUPS 1 BUFFER_POOL DEFAULT FLASH_CACHE DEFAULT CELL_FLASH_CACHE DEFAULT)
  TABLESPACE "USERS" ;
--------------------------------------------------------
--  DDL for Index SECTION_PK
--------------------------------------------------------

  CREATE UNIQUE INDEX "REGISTRAR"."SECTION_PK" ON "REGISTRAR"."SECTION" ("SECTION_CODE") 
  PCTFREE 10 INITRANS 2 MAXTRANS 255 COMPUTE STATISTICS 
  STORAGE(INITIAL 65536 NEXT 1048576 MINEXTENTS 1 MAXEXTENTS 2147483645
  PCTINCREASE 0 FREELISTS 1 FREELIST GROUPS 1 BUFFER_POOL DEFAULT FLASH_CACHE DEFAULT CELL_FLASH_CACHE DEFAULT)
  TABLESPACE "USERS" ;
--------------------------------------------------------
--  DDL for Index INSTRUCTOR_ASSIGN_PK
--------------------------------------------------------

  CREATE UNIQUE INDEX "REGISTRAR"."INSTRUCTOR_ASSIGN_PK" ON "REGISTRAR"."INSTRUCTOR_ASSIGN" ("INST_CODE") 
  PCTFREE 10 INITRANS 2 MAXTRANS 255 COMPUTE STATISTICS 
  STORAGE(INITIAL 65536 NEXT 1048576 MINEXTENTS 1 MAXEXTENTS 2147483645
  PCTINCREASE 0 FREELISTS 1 FREELIST GROUPS 1 BUFFER_POOL DEFAULT FLASH_CACHE DEFAULT CELL_FLASH_CACHE DEFAULT)
  TABLESPACE "USERS" ;
--------------------------------------------------------
--  DDL for Index COURSE_PREREQUISITE_PK
--------------------------------------------------------

  CREATE UNIQUE INDEX "REGISTRAR"."COURSE_PREREQUISITE_PK" ON "REGISTRAR"."COURSE_PREREQUISITE" ("COURSE_ID", "PRE_COURSE_ID") 
  PCTFREE 10 INITRANS 2 MAXTRANS 255 COMPUTE STATISTICS 
  STORAGE(INITIAL 65536 NEXT 1048576 MINEXTENTS 1 MAXEXTENTS 2147483645
  PCTINCREASE 0 FREELISTS 1 FREELIST GROUPS 1 BUFFER_POOL DEFAULT FLASH_CACHE DEFAULT CELL_FLASH_CACHE DEFAULT)
  TABLESPACE "USERS" ;
--------------------------------------------------------
--  DDL for Index COURSE_BREAKDOWN_PK
--------------------------------------------------------

  CREATE UNIQUE INDEX "REGISTRAR"."COURSE_BREAKDOWN_PK" ON "REGISTRAR"."COURSE_BREAKDOWN" ("COURSE_BREAK_CODE") 
  PCTFREE 10 INITRANS 2 MAXTRANS 255 COMPUTE STATISTICS 
  STORAGE(INITIAL 65536 NEXT 1048576 MINEXTENTS 1 MAXEXTENTS 2147483645
  PCTINCREASE 0 FREELISTS 1 FREELIST GROUPS 1 BUFFER_POOL DEFAULT FLASH_CACHE DEFAULT CELL_FLASH_CACHE DEFAULT)
  TABLESPACE "USERS" ;
--------------------------------------------------------
--  DDL for Index STUDENT_SECTION_PK
--------------------------------------------------------

  CREATE UNIQUE INDEX "REGISTRAR"."STUDENT_SECTION_PK" ON "REGISTRAR"."STUDENT_SECTION" ("STUD_SEC_CODE") 
  PCTFREE 10 INITRANS 2 MAXTRANS 255 COMPUTE STATISTICS 
  STORAGE(INITIAL 65536 NEXT 1048576 MINEXTENTS 1 MAXEXTENTS 2147483645
  PCTINCREASE 0 FREELISTS 1 FREELIST GROUPS 1 BUFFER_POOL DEFAULT FLASH_CACHE DEFAULT CELL_FLASH_CACHE DEFAULT)
  TABLESPACE "USERS" ;
--------------------------------------------------------
--  DDL for Index ASSESSMENT_WEIGHT_PK
--------------------------------------------------------

  CREATE UNIQUE INDEX "REGISTRAR"."ASSESSMENT_WEIGHT_PK" ON "REGISTRAR"."ASSESSMENT_WEIGHT" ("ASSESS_WEIGHT_CODE") 
  PCTFREE 10 INITRANS 2 MAXTRANS 255 COMPUTE STATISTICS 
  STORAGE(INITIAL 65536 NEXT 1048576 MINEXTENTS 1 MAXEXTENTS 2147483645
  PCTINCREASE 0 FREELISTS 1 FREELIST GROUPS 1 BUFFER_POOL DEFAULT FLASH_CACHE DEFAULT CELL_FLASH_CACHE DEFAULT)
  TABLESPACE "USERS" ;
--------------------------------------------------------
--  DDL for Index AC_SEMESTER_PK
--------------------------------------------------------

  CREATE UNIQUE INDEX "REGISTRAR"."AC_SEMESTER_PK" ON "REGISTRAR"."AC_SEMESTER" ("SEMESTER", "SEMESTER_AC_YEAR_CODE") 
  PCTFREE 10 INITRANS 2 MAXTRANS 255 COMPUTE STATISTICS 
  STORAGE(INITIAL 65536 NEXT 1048576 MINEXTENTS 1 MAXEXTENTS 2147483645
  PCTINCREASE 0 FREELISTS 1 FREELIST GROUPS 1 BUFFER_POOL DEFAULT FLASH_CACHE DEFAULT CELL_FLASH_CACHE DEFAULT)
  TABLESPACE "USERS" ;
--------------------------------------------------------
--  DDL for Index ASSESSMENT_RESULT_UK1
--------------------------------------------------------

  CREATE UNIQUE INDEX "REGISTRAR"."ASSESSMENT_RESULT_UK1" ON "REGISTRAR"."ASSESSMENT_RESULT" ("RESULT_ENROLL_CODE", "RESULT_ASSESS_CODE") 
  PCTFREE 10 INITRANS 2 MAXTRANS 255 COMPUTE STATISTICS 
  STORAGE(INITIAL 65536 NEXT 1048576 MINEXTENTS 1 MAXEXTENTS 2147483645
  PCTINCREASE 0 FREELISTS 1 FREELIST GROUPS 1 BUFFER_POOL DEFAULT FLASH_CACHE DEFAULT CELL_FLASH_CACHE DEFAULT)
  TABLESPACE "USERS" ;
--------------------------------------------------------
--  DDL for Index AC_YEAR_PK
--------------------------------------------------------

  CREATE UNIQUE INDEX "REGISTRAR"."AC_YEAR_PK" ON "REGISTRAR"."AC_YEAR" ("AC_YEAR_CODE") 
  PCTFREE 10 INITRANS 2 MAXTRANS 255 COMPUTE STATISTICS 
  STORAGE(INITIAL 65536 NEXT 1048576 MINEXTENTS 1 MAXEXTENTS 2147483645
  PCTINCREASE 0 FREELISTS 1 FREELIST GROUPS 1 BUFFER_POOL DEFAULT FLASH_CACHE DEFAULT CELL_FLASH_CACHE DEFAULT)
  TABLESPACE "USERS" ;
--------------------------------------------------------
--  DDL for Index AC_SEMESTER_CODE_UK
--------------------------------------------------------

  CREATE UNIQUE INDEX "REGISTRAR"."AC_SEMESTER_CODE_UK" ON "REGISTRAR"."AC_SEMESTER" ("SEMESTER_CODE") 
  PCTFREE 10 INITRANS 2 MAXTRANS 255 COMPUTE STATISTICS 
  STORAGE(INITIAL 65536 NEXT 1048576 MINEXTENTS 1 MAXEXTENTS 2147483645
  PCTINCREASE 0 FREELISTS 1 FREELIST GROUPS 1 BUFFER_POOL DEFAULT FLASH_CACHE DEFAULT CELL_FLASH_CACHE DEFAULT)
  TABLESPACE "USERS" ;
--------------------------------------------------------
--  DDL for Index COURSE_PREREQUISITE_UK1
--------------------------------------------------------

  CREATE UNIQUE INDEX "REGISTRAR"."COURSE_PREREQUISITE_UK1" ON "REGISTRAR"."COURSE_PREREQUISITE" ("PER_CODE") 
  PCTFREE 10 INITRANS 2 MAXTRANS 255 COMPUTE STATISTICS 
  STORAGE(INITIAL 65536 NEXT 1048576 MINEXTENTS 1 MAXEXTENTS 2147483645
  PCTINCREASE 0 FREELISTS 1 FREELIST GROUPS 1 BUFFER_POOL DEFAULT FLASH_CACHE DEFAULT CELL_FLASH_CACHE DEFAULT)
  TABLESPACE "USERS" ;
--------------------------------------------------------
--  DDL for Index FACULTY_NAME_UK
--------------------------------------------------------

  CREATE UNIQUE INDEX "REGISTRAR"."FACULTY_NAME_UK" ON "REGISTRAR"."FACULTY" ("FACULTY_NAME") 
  PCTFREE 10 INITRANS 2 MAXTRANS 255 COMPUTE STATISTICS 
  STORAGE(INITIAL 65536 NEXT 1048576 MINEXTENTS 1 MAXEXTENTS 2147483645
  PCTINCREASE 0 FREELISTS 1 FREELIST GROUPS 1 BUFFER_POOL DEFAULT FLASH_CACHE DEFAULT CELL_FLASH_CACHE DEFAULT)
  TABLESPACE "USERS" ;
--------------------------------------------------------
--  DDL for Index EMPLOYEE_PK
--------------------------------------------------------

  CREATE UNIQUE INDEX "REGISTRAR"."EMPLOYEE_PK" ON "REGISTRAR"."EMPLOYEE" ("EMPLOYEE_ID") 
  PCTFREE 10 INITRANS 2 MAXTRANS 255 COMPUTE STATISTICS 
  STORAGE(INITIAL 65536 NEXT 1048576 MINEXTENTS 1 MAXEXTENTS 2147483645
  PCTINCREASE 0 FREELISTS 1 FREELIST GROUPS 1 BUFFER_POOL DEFAULT FLASH_CACHE DEFAULT CELL_FLASH_CACHE DEFAULT)
  TABLESPACE "USERS" ;
--------------------------------------------------------
--  DDL for Index ROLE_PK
--------------------------------------------------------

  CREATE UNIQUE INDEX "REGISTRAR"."ROLE_PK" ON "REGISTRAR"."ROLE" ("ROLE_ID") 
  PCTFREE 10 INITRANS 2 MAXTRANS 255 COMPUTE STATISTICS 
  STORAGE(INITIAL 65536 NEXT 1048576 MINEXTENTS 1 MAXEXTENTS 2147483645
  PCTINCREASE 0 FREELISTS 1 FREELIST GROUPS 1 BUFFER_POOL DEFAULT FLASH_CACHE DEFAULT CELL_FLASH_CACHE DEFAULT)
  TABLESPACE "USERS" ;
--------------------------------------------------------
--  DDL for Index ENROLLMENT_UK
--------------------------------------------------------

  CREATE UNIQUE INDEX "REGISTRAR"."ENROLLMENT_UK" ON "REGISTRAR"."ENROLLMENT" ("ENROLL_CODE") 
  PCTFREE 10 INITRANS 2 MAXTRANS 255 COMPUTE STATISTICS 
  STORAGE(INITIAL 65536 NEXT 1048576 MINEXTENTS 1 MAXEXTENTS 2147483645
  PCTINCREASE 0 FREELISTS 1 FREELIST GROUPS 1 BUFFER_POOL DEFAULT FLASH_CACHE DEFAULT CELL_FLASH_CACHE DEFAULT)
  TABLESPACE "USERS" ;
--------------------------------------------------------
--  DDL for Index COURSE_PK
--------------------------------------------------------

  CREATE UNIQUE INDEX "REGISTRAR"."COURSE_PK" ON "REGISTRAR"."COURSE" ("COURSE_CODE", "COURSE_CURR_CODE") 
  PCTFREE 10 INITRANS 2 MAXTRANS 255 COMPUTE STATISTICS 
  STORAGE(INITIAL 65536 NEXT 1048576 MINEXTENTS 1 MAXEXTENTS 2147483645
  PCTINCREASE 0 FREELISTS 1 FREELIST GROUPS 1 BUFFER_POOL DEFAULT FLASH_CACHE DEFAULT CELL_FLASH_CACHE DEFAULT)
  TABLESPACE "USERS" ;
--------------------------------------------------------
--  DDL for Index DEPARTMENT_NAME_UK
--------------------------------------------------------

  CREATE UNIQUE INDEX "REGISTRAR"."DEPARTMENT_NAME_UK" ON "REGISTRAR"."DEPARTMENT" ("DEPT_NAME") 
  PCTFREE 10 INITRANS 2 MAXTRANS 255 COMPUTE STATISTICS 
  STORAGE(INITIAL 65536 NEXT 1048576 MINEXTENTS 1 MAXEXTENTS 2147483645
  PCTINCREASE 0 FREELISTS 1 FREELIST GROUPS 1 BUFFER_POOL DEFAULT FLASH_CACHE DEFAULT CELL_FLASH_CACHE DEFAULT)
  TABLESPACE "USERS" ;
--------------------------------------------------------
--  DDL for Index FACULTY_PK
--------------------------------------------------------

  CREATE UNIQUE INDEX "REGISTRAR"."FACULTY_PK" ON "REGISTRAR"."FACULTY" ("FACULTY_CODE") 
  PCTFREE 10 INITRANS 2 MAXTRANS 255 COMPUTE STATISTICS 
  STORAGE(INITIAL 65536 NEXT 1048576 MINEXTENTS 1 MAXEXTENTS 2147483645
  PCTINCREASE 0 FREELISTS 1 FREELIST GROUPS 1 BUFFER_POOL DEFAULT FLASH_CACHE DEFAULT CELL_FLASH_CACHE DEFAULT)
  TABLESPACE "USERS" ;
--------------------------------------------------------
--  DDL for Index ASSESSMENT_WEIGHT_UK1
--------------------------------------------------------

  CREATE UNIQUE INDEX "REGISTRAR"."ASSESSMENT_WEIGHT_UK1" ON "REGISTRAR"."ASSESSMENT_WEIGHT" ("ASSESS_TITLE", "ASSESS_COURSEBREAK_CODE") 
  PCTFREE 10 INITRANS 2 MAXTRANS 255 COMPUTE STATISTICS 
  STORAGE(INITIAL 65536 NEXT 1048576 MINEXTENTS 1 MAXEXTENTS 2147483645
  PCTINCREASE 0 FREELISTS 1 FREELIST GROUPS 1 BUFFER_POOL DEFAULT FLASH_CACHE DEFAULT CELL_FLASH_CACHE DEFAULT)
  TABLESPACE "USERS" ;
--------------------------------------------------------
--  Constraints for Table AC_SEMESTER
--------------------------------------------------------

  ALTER TABLE "REGISTRAR"."AC_SEMESTER" ADD CONSTRAINT "AC_SEMESTER_UK" UNIQUE ("SEMESTER_CODE")
  USING INDEX PCTFREE 10 INITRANS 2 MAXTRANS 255 COMPUTE STATISTICS 
  STORAGE(INITIAL 65536 NEXT 1048576 MINEXTENTS 1 MAXEXTENTS 2147483645
  PCTINCREASE 0 FREELISTS 1 FREELIST GROUPS 1 BUFFER_POOL DEFAULT FLASH_CACHE DEFAULT CELL_FLASH_CACHE DEFAULT)
  TABLESPACE "USERS"  ENABLE;
  ALTER TABLE "REGISTRAR"."AC_SEMESTER" ADD CONSTRAINT "AC_SEMESTER_PK" PRIMARY KEY ("SEMESTER", "SEMESTER_AC_YEAR_CODE")
  USING INDEX PCTFREE 10 INITRANS 2 MAXTRANS 255 COMPUTE STATISTICS 
  STORAGE(INITIAL 65536 NEXT 1048576 MINEXTENTS 1 MAXEXTENTS 2147483645
  PCTINCREASE 0 FREELISTS 1 FREELIST GROUPS 1 BUFFER_POOL DEFAULT FLASH_CACHE DEFAULT CELL_FLASH_CACHE DEFAULT)
  TABLESPACE "USERS"  ENABLE;
  ALTER TABLE "REGISTRAR"."AC_SEMESTER" MODIFY ("SEMESTER_AC_YEAR_CODE" NOT NULL ENABLE);
  ALTER TABLE "REGISTRAR"."AC_SEMESTER" MODIFY ("SEMESTER" NOT NULL ENABLE);
  ALTER TABLE "REGISTRAR"."AC_SEMESTER" MODIFY ("SEMESTER_CODE" NOT NULL ENABLE);
--------------------------------------------------------
--  Constraints for Table ASSESSMENT_WEIGHT
--------------------------------------------------------

  ALTER TABLE "REGISTRAR"."ASSESSMENT_WEIGHT" ADD CONSTRAINT "ASSESSMENT_WEIGHT_UK1" UNIQUE ("ASSESS_TITLE", "ASSESS_COURSEBREAK_CODE")
  USING INDEX PCTFREE 10 INITRANS 2 MAXTRANS 255 COMPUTE STATISTICS 
  STORAGE(INITIAL 65536 NEXT 1048576 MINEXTENTS 1 MAXEXTENTS 2147483645
  PCTINCREASE 0 FREELISTS 1 FREELIST GROUPS 1 BUFFER_POOL DEFAULT FLASH_CACHE DEFAULT CELL_FLASH_CACHE DEFAULT)
  TABLESPACE "USERS"  ENABLE;
  ALTER TABLE "REGISTRAR"."ASSESSMENT_WEIGHT" ADD CONSTRAINT "ASSESSMENT_WEIGHT_PK" PRIMARY KEY ("ASSESS_WEIGHT_CODE")
  USING INDEX PCTFREE 10 INITRANS 2 MAXTRANS 255 COMPUTE STATISTICS 
  STORAGE(INITIAL 65536 NEXT 1048576 MINEXTENTS 1 MAXEXTENTS 2147483645
  PCTINCREASE 0 FREELISTS 1 FREELIST GROUPS 1 BUFFER_POOL DEFAULT FLASH_CACHE DEFAULT CELL_FLASH_CACHE DEFAULT)
  TABLESPACE "USERS"  ENABLE;
  ALTER TABLE "REGISTRAR"."ASSESSMENT_WEIGHT" MODIFY ("ASSESS_COURSEBREAK_CODE" NOT NULL ENABLE);
  ALTER TABLE "REGISTRAR"."ASSESSMENT_WEIGHT" MODIFY ("ASSESS_WEIGHT" NOT NULL ENABLE);
  ALTER TABLE "REGISTRAR"."ASSESSMENT_WEIGHT" MODIFY ("ASSESS_TITLE" NOT NULL ENABLE);
  ALTER TABLE "REGISTRAR"."ASSESSMENT_WEIGHT" MODIFY ("ASSESS_WEIGHT_CODE" NOT NULL ENABLE);
--------------------------------------------------------
--  Constraints for Table USER_ROLE
--------------------------------------------------------

  ALTER TABLE "REGISTRAR"."USER_ROLE" ADD CONSTRAINT "USER_ROLE_PK" PRIMARY KEY ("USER_ROLE_CODE")
  USING INDEX PCTFREE 10 INITRANS 2 MAXTRANS 255 COMPUTE STATISTICS 
  STORAGE(INITIAL 65536 NEXT 1048576 MINEXTENTS 1 MAXEXTENTS 2147483645
  PCTINCREASE 0 FREELISTS 1 FREELIST GROUPS 1 BUFFER_POOL DEFAULT FLASH_CACHE DEFAULT CELL_FLASH_CACHE DEFAULT)
  TABLESPACE "USERS"  ENABLE;
  ALTER TABLE "REGISTRAR"."USER_ROLE" MODIFY ("USER_ROLE_CODE" NOT NULL ENABLE);
--------------------------------------------------------
--  Constraints for Table EMPLOYEE
--------------------------------------------------------

  ALTER TABLE "REGISTRAR"."EMPLOYEE" ADD CONSTRAINT "EMPLOYEE_PK" PRIMARY KEY ("EMPLOYEE_ID")
  USING INDEX PCTFREE 10 INITRANS 2 MAXTRANS 255 COMPUTE STATISTICS 
  STORAGE(INITIAL 65536 NEXT 1048576 MINEXTENTS 1 MAXEXTENTS 2147483645
  PCTINCREASE 0 FREELISTS 1 FREELIST GROUPS 1 BUFFER_POOL DEFAULT FLASH_CACHE DEFAULT CELL_FLASH_CACHE DEFAULT)
  TABLESPACE "USERS"  ENABLE;
  ALTER TABLE "REGISTRAR"."EMPLOYEE" MODIFY ("SEX" NOT NULL ENABLE);
  ALTER TABLE "REGISTRAR"."EMPLOYEE" MODIFY ("FATHER_NAME" NOT NULL ENABLE);
  ALTER TABLE "REGISTRAR"."EMPLOYEE" MODIFY ("NAME" NOT NULL ENABLE);
  ALTER TABLE "REGISTRAR"."EMPLOYEE" MODIFY ("EMPLOYEE_ID" NOT NULL ENABLE);
--------------------------------------------------------
--  Constraints for Table STUDENT
--------------------------------------------------------

  ALTER TABLE "REGISTRAR"."STUDENT" ADD CONSTRAINT "STUDENT_PK" PRIMARY KEY ("STUDENT_ID")
  USING INDEX PCTFREE 10 INITRANS 2 MAXTRANS 255 COMPUTE STATISTICS 
  STORAGE(INITIAL 65536 NEXT 1048576 MINEXTENTS 1 MAXEXTENTS 2147483645
  PCTINCREASE 0 FREELISTS 1 FREELIST GROUPS 1 BUFFER_POOL DEFAULT FLASH_CACHE DEFAULT CELL_FLASH_CACHE DEFAULT)
  TABLESPACE "USERS"  ENABLE;
  ALTER TABLE "REGISTRAR"."STUDENT" MODIFY ("STUDENT_DEPT_CODE" NOT NULL ENABLE);
  ALTER TABLE "REGISTRAR"."STUDENT" MODIFY ("FATHER_NAME" NOT NULL ENABLE);
  ALTER TABLE "REGISTRAR"."STUDENT" MODIFY ("NAME" NOT NULL ENABLE);
  ALTER TABLE "REGISTRAR"."STUDENT" MODIFY ("STUDENT_ID" NOT NULL ENABLE);
--------------------------------------------------------
--  Constraints for Table COURSE_BREAKDOWN
--------------------------------------------------------

  ALTER TABLE "REGISTRAR"."COURSE_BREAKDOWN" MODIFY ("BREAK_YEAR" NOT NULL ENABLE);
  ALTER TABLE "REGISTRAR"."COURSE_BREAKDOWN" ADD CONSTRAINT "COURSE_BREAKDOWN_UK1" UNIQUE ("BREAK_COURSE_ID", "BREAK_YEAR", "BREAK_SEMESTER_CODE")
  USING INDEX PCTFREE 10 INITRANS 2 MAXTRANS 255 COMPUTE STATISTICS 
  STORAGE(INITIAL 65536 NEXT 1048576 MINEXTENTS 1 MAXEXTENTS 2147483645
  PCTINCREASE 0 FREELISTS 1 FREELIST GROUPS 1 BUFFER_POOL DEFAULT FLASH_CACHE DEFAULT CELL_FLASH_CACHE DEFAULT)
  TABLESPACE "USERS"  ENABLE;
  ALTER TABLE "REGISTRAR"."COURSE_BREAKDOWN" ADD CONSTRAINT "COURSE_BREAKDOWN_PK" PRIMARY KEY ("COURSE_BREAK_CODE")
  USING INDEX PCTFREE 10 INITRANS 2 MAXTRANS 255 COMPUTE STATISTICS 
  STORAGE(INITIAL 65536 NEXT 1048576 MINEXTENTS 1 MAXEXTENTS 2147483645
  PCTINCREASE 0 FREELISTS 1 FREELIST GROUPS 1 BUFFER_POOL DEFAULT FLASH_CACHE DEFAULT CELL_FLASH_CACHE DEFAULT)
  TABLESPACE "USERS"  ENABLE;
  ALTER TABLE "REGISTRAR"."COURSE_BREAKDOWN" MODIFY ("BREAK_SEMESTER_CODE" NOT NULL ENABLE);
  ALTER TABLE "REGISTRAR"."COURSE_BREAKDOWN" MODIFY ("BREAK_COURSE_ID" NOT NULL ENABLE);
  ALTER TABLE "REGISTRAR"."COURSE_BREAKDOWN" MODIFY ("COURSE_BREAK_CODE" NOT NULL ENABLE);
--------------------------------------------------------
--  Constraints for Table USER_ACCOUNT
--------------------------------------------------------

  ALTER TABLE "REGISTRAR"."USER_ACCOUNT" ADD CONSTRAINT "USER_ACCOUNT_UK2" UNIQUE ("USER_EMP_ID")
  USING INDEX PCTFREE 10 INITRANS 2 MAXTRANS 255 COMPUTE STATISTICS 
  STORAGE(INITIAL 65536 NEXT 1048576 MINEXTENTS 1 MAXEXTENTS 2147483645
  PCTINCREASE 0 FREELISTS 1 FREELIST GROUPS 1 BUFFER_POOL DEFAULT FLASH_CACHE DEFAULT CELL_FLASH_CACHE DEFAULT)
  TABLESPACE "USERS"  ENABLE;
  ALTER TABLE "REGISTRAR"."USER_ACCOUNT" ADD CONSTRAINT "USER_ACCOUNT_UK1" UNIQUE ("USERNAME")
  USING INDEX PCTFREE 10 INITRANS 2 MAXTRANS 255 COMPUTE STATISTICS 
  STORAGE(INITIAL 65536 NEXT 1048576 MINEXTENTS 1 MAXEXTENTS 2147483645
  PCTINCREASE 0 FREELISTS 1 FREELIST GROUPS 1 BUFFER_POOL DEFAULT FLASH_CACHE DEFAULT CELL_FLASH_CACHE DEFAULT)
  TABLESPACE "USERS"  ENABLE;
  ALTER TABLE "REGISTRAR"."USER_ACCOUNT" ADD CONSTRAINT "USER_ACCOUNT_PK" PRIMARY KEY ("USER_ID")
  USING INDEX PCTFREE 10 INITRANS 2 MAXTRANS 255 COMPUTE STATISTICS 
  STORAGE(INITIAL 65536 NEXT 1048576 MINEXTENTS 1 MAXEXTENTS 2147483645
  PCTINCREASE 0 FREELISTS 1 FREELIST GROUPS 1 BUFFER_POOL DEFAULT FLASH_CACHE DEFAULT CELL_FLASH_CACHE DEFAULT)
  TABLESPACE "USERS"  ENABLE;
  ALTER TABLE "REGISTRAR"."USER_ACCOUNT" MODIFY ("USERNAME" NOT NULL ENABLE);
  ALTER TABLE "REGISTRAR"."USER_ACCOUNT" MODIFY ("USER_ID" NOT NULL ENABLE);
--------------------------------------------------------
--  Constraints for Table AC_YEAR
--------------------------------------------------------

  ALTER TABLE "REGISTRAR"."AC_YEAR" ADD CONSTRAINT "AC_YEAR_PK" PRIMARY KEY ("AC_YEAR_CODE")
  USING INDEX PCTFREE 10 INITRANS 2 MAXTRANS 255 COMPUTE STATISTICS 
  STORAGE(INITIAL 65536 NEXT 1048576 MINEXTENTS 1 MAXEXTENTS 2147483645
  PCTINCREASE 0 FREELISTS 1 FREELIST GROUPS 1 BUFFER_POOL DEFAULT FLASH_CACHE DEFAULT CELL_FLASH_CACHE DEFAULT)
  TABLESPACE "USERS"  ENABLE;
  ALTER TABLE "REGISTRAR"."AC_YEAR" MODIFY ("ET_YEAR" NOT NULL ENABLE);
  ALTER TABLE "REGISTRAR"."AC_YEAR" MODIFY ("GC_YEAR" NOT NULL ENABLE);
  ALTER TABLE "REGISTRAR"."AC_YEAR" MODIFY ("AC_YEAR_CODE" NOT NULL ENABLE);
--------------------------------------------------------
--  Constraints for Table DEPARTMENT
--------------------------------------------------------

  ALTER TABLE "REGISTRAR"."DEPARTMENT" ADD CONSTRAINT "DEPARTMENT_NAME_UK" UNIQUE ("DEPT_NAME")
  USING INDEX PCTFREE 10 INITRANS 2 MAXTRANS 255 COMPUTE STATISTICS 
  STORAGE(INITIAL 65536 NEXT 1048576 MINEXTENTS 1 MAXEXTENTS 2147483645
  PCTINCREASE 0 FREELISTS 1 FREELIST GROUPS 1 BUFFER_POOL DEFAULT FLASH_CACHE DEFAULT CELL_FLASH_CACHE DEFAULT)
  TABLESPACE "USERS"  ENABLE;
  ALTER TABLE "REGISTRAR"."DEPARTMENT" ADD CONSTRAINT "DEPARTMENT_PK" PRIMARY KEY ("DEPT_CODE")
  USING INDEX PCTFREE 10 INITRANS 2 MAXTRANS 255 COMPUTE STATISTICS 
  STORAGE(INITIAL 65536 NEXT 1048576 MINEXTENTS 1 MAXEXTENTS 2147483645
  PCTINCREASE 0 FREELISTS 1 FREELIST GROUPS 1 BUFFER_POOL DEFAULT FLASH_CACHE DEFAULT CELL_FLASH_CACHE DEFAULT)
  TABLESPACE "USERS"  ENABLE;
  ALTER TABLE "REGISTRAR"."DEPARTMENT" MODIFY ("DEPT_FACULTY_CODE" NOT NULL ENABLE);
  ALTER TABLE "REGISTRAR"."DEPARTMENT" MODIFY ("DEPT_NAME" NOT NULL ENABLE);
  ALTER TABLE "REGISTRAR"."DEPARTMENT" MODIFY ("DEPT_CODE" NOT NULL ENABLE);
--------------------------------------------------------
--  Constraints for Table COURSE_PREREQUISITE
--------------------------------------------------------

  ALTER TABLE "REGISTRAR"."COURSE_PREREQUISITE" ADD CONSTRAINT "COURSE_PREREQUISITE_CODE_UK" UNIQUE ("PER_CODE")
  USING INDEX PCTFREE 10 INITRANS 2 MAXTRANS 255 COMPUTE STATISTICS 
  STORAGE(INITIAL 65536 NEXT 1048576 MINEXTENTS 1 MAXEXTENTS 2147483645
  PCTINCREASE 0 FREELISTS 1 FREELIST GROUPS 1 BUFFER_POOL DEFAULT FLASH_CACHE DEFAULT CELL_FLASH_CACHE DEFAULT)
  TABLESPACE "USERS"  ENABLE;
  ALTER TABLE "REGISTRAR"."COURSE_PREREQUISITE" ADD CONSTRAINT "COURSE_PREREQUISITE_PK" PRIMARY KEY ("COURSE_ID", "PRE_COURSE_ID")
  USING INDEX PCTFREE 10 INITRANS 2 MAXTRANS 255 COMPUTE STATISTICS 
  STORAGE(INITIAL 65536 NEXT 1048576 MINEXTENTS 1 MAXEXTENTS 2147483645
  PCTINCREASE 0 FREELISTS 1 FREELIST GROUPS 1 BUFFER_POOL DEFAULT FLASH_CACHE DEFAULT CELL_FLASH_CACHE DEFAULT)
  TABLESPACE "USERS"  ENABLE;
  ALTER TABLE "REGISTRAR"."COURSE_PREREQUISITE" MODIFY ("PRE_COURSE_ID" NOT NULL ENABLE);
  ALTER TABLE "REGISTRAR"."COURSE_PREREQUISITE" MODIFY ("COURSE_ID" NOT NULL ENABLE);
--------------------------------------------------------
--  Constraints for Table STUDENT_SECTION
--------------------------------------------------------

  ALTER TABLE "REGISTRAR"."STUDENT_SECTION" ADD CONSTRAINT "STUDENT_SECTION_PK" PRIMARY KEY ("STUD_SEC_CODE")
  USING INDEX PCTFREE 10 INITRANS 2 MAXTRANS 255 COMPUTE STATISTICS 
  STORAGE(INITIAL 65536 NEXT 1048576 MINEXTENTS 1 MAXEXTENTS 2147483645
  PCTINCREASE 0 FREELISTS 1 FREELIST GROUPS 1 BUFFER_POOL DEFAULT FLASH_CACHE DEFAULT CELL_FLASH_CACHE DEFAULT)
  TABLESPACE "USERS"  ENABLE;
  ALTER TABLE "REGISTRAR"."STUDENT_SECTION" MODIFY ("STUD_SECTION_CODE" NOT NULL ENABLE);
  ALTER TABLE "REGISTRAR"."STUDENT_SECTION" MODIFY ("STUD_SEC_ENROLL_CODE" NOT NULL ENABLE);
  ALTER TABLE "REGISTRAR"."STUDENT_SECTION" MODIFY ("STUD_SEC_CODE" NOT NULL ENABLE);
--------------------------------------------------------
--  Constraints for Table INSTRUCTOR_ASSIGN
--------------------------------------------------------

  ALTER TABLE "REGISTRAR"."INSTRUCTOR_ASSIGN" ADD CONSTRAINT "INSTRUCTOR_ASSIGN_PK" PRIMARY KEY ("INST_CODE")
  USING INDEX PCTFREE 10 INITRANS 2 MAXTRANS 255 COMPUTE STATISTICS 
  STORAGE(INITIAL 65536 NEXT 1048576 MINEXTENTS 1 MAXEXTENTS 2147483645
  PCTINCREASE 0 FREELISTS 1 FREELIST GROUPS 1 BUFFER_POOL DEFAULT FLASH_CACHE DEFAULT CELL_FLASH_CACHE DEFAULT)
  TABLESPACE "USERS"  ENABLE;
  ALTER TABLE "REGISTRAR"."INSTRUCTOR_ASSIGN" MODIFY ("INST_SECTION_CODE" NOT NULL ENABLE);
  ALTER TABLE "REGISTRAR"."INSTRUCTOR_ASSIGN" MODIFY ("INST_EMP_ID" NOT NULL ENABLE);
  ALTER TABLE "REGISTRAR"."INSTRUCTOR_ASSIGN" MODIFY ("INST_COURSEBREAK_CODE" NOT NULL ENABLE);
  ALTER TABLE "REGISTRAR"."INSTRUCTOR_ASSIGN" MODIFY ("INST_CODE" NOT NULL ENABLE);
--------------------------------------------------------
--  Constraints for Table SECTION
--------------------------------------------------------

  ALTER TABLE "REGISTRAR"."SECTION" ADD CONSTRAINT "SECTION_PK" PRIMARY KEY ("SECTION_CODE")
  USING INDEX PCTFREE 10 INITRANS 2 MAXTRANS 255 COMPUTE STATISTICS 
  STORAGE(INITIAL 65536 NEXT 1048576 MINEXTENTS 1 MAXEXTENTS 2147483645
  PCTINCREASE 0 FREELISTS 1 FREELIST GROUPS 1 BUFFER_POOL DEFAULT FLASH_CACHE DEFAULT CELL_FLASH_CACHE DEFAULT)
  TABLESPACE "USERS"  ENABLE;
  ALTER TABLE "REGISTRAR"."SECTION" MODIFY ("DEPT_CODE" NOT NULL ENABLE);
  ALTER TABLE "REGISTRAR"."SECTION" MODIFY ("SEMESTER_CODE" NOT NULL ENABLE);
  ALTER TABLE "REGISTRAR"."SECTION" MODIFY ("SECTION" NOT NULL ENABLE);
  ALTER TABLE "REGISTRAR"."SECTION" MODIFY ("YEAR" NOT NULL ENABLE);
  ALTER TABLE "REGISTRAR"."SECTION" MODIFY ("SECTION_CODE" NOT NULL ENABLE);
--------------------------------------------------------
--  Constraints for Table COURSE
--------------------------------------------------------

  ALTER TABLE "REGISTRAR"."COURSE" ADD CONSTRAINT "COURSE_UK1" UNIQUE ("COURSE_ID")
  USING INDEX PCTFREE 10 INITRANS 2 MAXTRANS 255 COMPUTE STATISTICS 
  STORAGE(INITIAL 65536 NEXT 1048576 MINEXTENTS 1 MAXEXTENTS 2147483645
  PCTINCREASE 0 FREELISTS 1 FREELIST GROUPS 1 BUFFER_POOL DEFAULT FLASH_CACHE DEFAULT CELL_FLASH_CACHE DEFAULT)
  TABLESPACE "USERS"  ENABLE;
  ALTER TABLE "REGISTRAR"."COURSE" ADD CONSTRAINT "COURSE_PK" PRIMARY KEY ("COURSE_CODE", "COURSE_CURR_CODE")
  USING INDEX PCTFREE 10 INITRANS 2 MAXTRANS 255 COMPUTE STATISTICS 
  STORAGE(INITIAL 65536 NEXT 1048576 MINEXTENTS 1 MAXEXTENTS 2147483645
  PCTINCREASE 0 FREELISTS 1 FREELIST GROUPS 1 BUFFER_POOL DEFAULT FLASH_CACHE DEFAULT CELL_FLASH_CACHE DEFAULT)
  TABLESPACE "USERS"  ENABLE;
  ALTER TABLE "REGISTRAR"."COURSE" MODIFY ("OWNER_DEPT_CODE" NOT NULL ENABLE);
  ALTER TABLE "REGISTRAR"."COURSE" MODIFY ("COURSE_CURR_CODE" NOT NULL ENABLE);
  ALTER TABLE "REGISTRAR"."COURSE" MODIFY ("TITLE" NOT NULL ENABLE);
  ALTER TABLE "REGISTRAR"."COURSE" MODIFY ("COURSE_CODE" NOT NULL ENABLE);
  ALTER TABLE "REGISTRAR"."COURSE" MODIFY ("COURSE_ID" NOT NULL ENABLE);
--------------------------------------------------------
--  Constraints for Table FACULTY
--------------------------------------------------------

  ALTER TABLE "REGISTRAR"."FACULTY" ADD CONSTRAINT "FACULTY_NAME_UK" UNIQUE ("FACULTY_NAME")
  USING INDEX PCTFREE 10 INITRANS 2 MAXTRANS 255 COMPUTE STATISTICS 
  STORAGE(INITIAL 65536 NEXT 1048576 MINEXTENTS 1 MAXEXTENTS 2147483645
  PCTINCREASE 0 FREELISTS 1 FREELIST GROUPS 1 BUFFER_POOL DEFAULT FLASH_CACHE DEFAULT CELL_FLASH_CACHE DEFAULT)
  TABLESPACE "USERS"  ENABLE;
  ALTER TABLE "REGISTRAR"."FACULTY" ADD CONSTRAINT "FACULTY_PK" PRIMARY KEY ("FACULTY_CODE")
  USING INDEX PCTFREE 10 INITRANS 2 MAXTRANS 255 COMPUTE STATISTICS 
  STORAGE(INITIAL 65536 NEXT 1048576 MINEXTENTS 1 MAXEXTENTS 2147483645
  PCTINCREASE 0 FREELISTS 1 FREELIST GROUPS 1 BUFFER_POOL DEFAULT FLASH_CACHE DEFAULT CELL_FLASH_CACHE DEFAULT)
  TABLESPACE "USERS"  ENABLE;
  ALTER TABLE "REGISTRAR"."FACULTY" MODIFY ("FACULTY_NAME" NOT NULL ENABLE);
  ALTER TABLE "REGISTRAR"."FACULTY" MODIFY ("FACULTY_CODE" NOT NULL ENABLE);
--------------------------------------------------------
--  Constraints for Table ASSESSMENT_RESULT
--------------------------------------------------------

  ALTER TABLE "REGISTRAR"."ASSESSMENT_RESULT" ADD CONSTRAINT "ASSESSMENT_RESULT_UK1" UNIQUE ("RESULT_ENROLL_CODE", "RESULT_ASSESS_CODE")
  USING INDEX PCTFREE 10 INITRANS 2 MAXTRANS 255 COMPUTE STATISTICS 
  STORAGE(INITIAL 65536 NEXT 1048576 MINEXTENTS 1 MAXEXTENTS 2147483645
  PCTINCREASE 0 FREELISTS 1 FREELIST GROUPS 1 BUFFER_POOL DEFAULT FLASH_CACHE DEFAULT CELL_FLASH_CACHE DEFAULT)
  TABLESPACE "USERS"  ENABLE;
  ALTER TABLE "REGISTRAR"."ASSESSMENT_RESULT" ADD CONSTRAINT "ASSESSMENT_RESULT_PK" PRIMARY KEY ("RESULT_CODE")
  USING INDEX PCTFREE 10 INITRANS 2 MAXTRANS 255 COMPUTE STATISTICS 
  STORAGE(INITIAL 65536 NEXT 1048576 MINEXTENTS 1 MAXEXTENTS 2147483645
  PCTINCREASE 0 FREELISTS 1 FREELIST GROUPS 1 BUFFER_POOL DEFAULT FLASH_CACHE DEFAULT CELL_FLASH_CACHE DEFAULT)
  TABLESPACE "USERS"  ENABLE;
  ALTER TABLE "REGISTRAR"."ASSESSMENT_RESULT" MODIFY ("RESULT_ASSESS_CODE" NOT NULL ENABLE);
  ALTER TABLE "REGISTRAR"."ASSESSMENT_RESULT" MODIFY ("RESULT_ENROLL_CODE" NOT NULL ENABLE);
  ALTER TABLE "REGISTRAR"."ASSESSMENT_RESULT" MODIFY ("RESULT_CODE" NOT NULL ENABLE);
--------------------------------------------------------
--  Constraints for Table ROLE
--------------------------------------------------------

  ALTER TABLE "REGISTRAR"."ROLE" ADD CONSTRAINT "ROLE_PK" PRIMARY KEY ("ROLE_ID")
  USING INDEX PCTFREE 10 INITRANS 2 MAXTRANS 255 COMPUTE STATISTICS 
  STORAGE(INITIAL 65536 NEXT 1048576 MINEXTENTS 1 MAXEXTENTS 2147483645
  PCTINCREASE 0 FREELISTS 1 FREELIST GROUPS 1 BUFFER_POOL DEFAULT FLASH_CACHE DEFAULT CELL_FLASH_CACHE DEFAULT)
  TABLESPACE "USERS"  ENABLE;
  ALTER TABLE "REGISTRAR"."ROLE" MODIFY ("ROLE_NAME" NOT NULL ENABLE);
  ALTER TABLE "REGISTRAR"."ROLE" MODIFY ("ROLE_ID" NOT NULL ENABLE);
--------------------------------------------------------
--  Constraints for Table ENROLLMENT
--------------------------------------------------------

  ALTER TABLE "REGISTRAR"."ENROLLMENT" ADD CONSTRAINT "ENROLLMENT_UK" UNIQUE ("ENROLL_CODE")
  USING INDEX PCTFREE 10 INITRANS 2 MAXTRANS 255 COMPUTE STATISTICS 
  STORAGE(INITIAL 65536 NEXT 1048576 MINEXTENTS 1 MAXEXTENTS 2147483645
  PCTINCREASE 0 FREELISTS 1 FREELIST GROUPS 1 BUFFER_POOL DEFAULT FLASH_CACHE DEFAULT CELL_FLASH_CACHE DEFAULT)
  TABLESPACE "USERS"  ENABLE;
  ALTER TABLE "REGISTRAR"."ENROLLMENT" ADD CONSTRAINT "ENROLLMENT_PK" PRIMARY KEY ("STUDENT_ID", "COURSE_BREAK_CODE", "SEMESTER_CODE")
  USING INDEX PCTFREE 10 INITRANS 2 MAXTRANS 255 COMPUTE STATISTICS 
  STORAGE(INITIAL 65536 NEXT 1048576 MINEXTENTS 1 MAXEXTENTS 2147483645
  PCTINCREASE 0 FREELISTS 1 FREELIST GROUPS 1 BUFFER_POOL DEFAULT FLASH_CACHE DEFAULT CELL_FLASH_CACHE DEFAULT)
  TABLESPACE "USERS"  ENABLE;
  ALTER TABLE "REGISTRAR"."ENROLLMENT" MODIFY ("SEMESTER_CODE" NOT NULL ENABLE);
  ALTER TABLE "REGISTRAR"."ENROLLMENT" MODIFY ("COURSE_BREAK_CODE" NOT NULL ENABLE);
  ALTER TABLE "REGISTRAR"."ENROLLMENT" MODIFY ("STUDENT_ID" NOT NULL ENABLE);
  ALTER TABLE "REGISTRAR"."ENROLLMENT" MODIFY ("ENROLL_CODE" NOT NULL ENABLE);
--------------------------------------------------------
--  Constraints for Table CURRICULUM
--------------------------------------------------------

  ALTER TABLE "REGISTRAR"."CURRICULUM" MODIFY ("MIN_CREDIT" NOT NULL ENABLE);
  ALTER TABLE "REGISTRAR"."CURRICULUM" ADD CONSTRAINT "CURRICULUM_VERSION_UK" UNIQUE ("CURR_VERSION")
  USING INDEX PCTFREE 10 INITRANS 2 MAXTRANS 255 COMPUTE STATISTICS 
  STORAGE(INITIAL 65536 NEXT 1048576 MINEXTENTS 1 MAXEXTENTS 2147483645
  PCTINCREASE 0 FREELISTS 1 FREELIST GROUPS 1 BUFFER_POOL DEFAULT FLASH_CACHE DEFAULT CELL_FLASH_CACHE DEFAULT)
  TABLESPACE "USERS"  ENABLE;
  ALTER TABLE "REGISTRAR"."CURRICULUM" MODIFY ("CURR_DEPT_CODE" NOT NULL ENABLE);
  ALTER TABLE "REGISTRAR"."CURRICULUM" MODIFY ("CURR_VERSION" NOT NULL ENABLE);
  ALTER TABLE "REGISTRAR"."CURRICULUM" ADD CONSTRAINT "CURRICULUM_PK" PRIMARY KEY ("CURR_CODE")
  USING INDEX PCTFREE 10 INITRANS 2 MAXTRANS 255 COMPUTE STATISTICS 
  STORAGE(INITIAL 65536 NEXT 1048576 MINEXTENTS 1 MAXEXTENTS 2147483645
  PCTINCREASE 0 FREELISTS 1 FREELIST GROUPS 1 BUFFER_POOL DEFAULT FLASH_CACHE DEFAULT CELL_FLASH_CACHE DEFAULT)
  TABLESPACE "USERS"  ENABLE;
  ALTER TABLE "REGISTRAR"."CURRICULUM" MODIFY ("STAY_SEMESTER" NOT NULL ENABLE);
  ALTER TABLE "REGISTRAR"."CURRICULUM" MODIFY ("STAY_YEAR" NOT NULL ENABLE);
  ALTER TABLE "REGISTRAR"."CURRICULUM" MODIFY ("ADMISSION_CLASS" NOT NULL ENABLE);
  ALTER TABLE "REGISTRAR"."CURRICULUM" MODIFY ("PROGRAM" NOT NULL ENABLE);
  ALTER TABLE "REGISTRAR"."CURRICULUM" MODIFY ("EN_NOMENCLATURE" NOT NULL ENABLE);
  ALTER TABLE "REGISTRAR"."CURRICULUM" MODIFY ("FIELD_OF_STUDY" NOT NULL ENABLE);
  ALTER TABLE "REGISTRAR"."CURRICULUM" MODIFY ("CURR_CODE" NOT NULL ENABLE);
--------------------------------------------------------
--  Ref Constraints for Table AC_SEMESTER
--------------------------------------------------------

  ALTER TABLE "REGISTRAR"."AC_SEMESTER" ADD CONSTRAINT "AC_SEMESTER_FK_AC_YEAR" FOREIGN KEY ("SEMESTER_AC_YEAR_CODE")
	  REFERENCES "REGISTRAR"."AC_YEAR" ("AC_YEAR_CODE") ENABLE;
--------------------------------------------------------
--  Ref Constraints for Table ASSESSMENT_RESULT
--------------------------------------------------------

  ALTER TABLE "REGISTRAR"."ASSESSMENT_RESULT" ADD CONSTRAINT "RESULT_FK_ASSESSMENT" FOREIGN KEY ("RESULT_ASSESS_CODE")
	  REFERENCES "REGISTRAR"."ASSESSMENT_WEIGHT" ("ASSESS_WEIGHT_CODE") ENABLE;
  ALTER TABLE "REGISTRAR"."ASSESSMENT_RESULT" ADD CONSTRAINT "RESULT_FK_ENROLL" FOREIGN KEY ("RESULT_ENROLL_CODE")
	  REFERENCES "REGISTRAR"."ENROLLMENT" ("ENROLL_CODE") ENABLE;
--------------------------------------------------------
--  Ref Constraints for Table ASSESSMENT_WEIGHT
--------------------------------------------------------

  ALTER TABLE "REGISTRAR"."ASSESSMENT_WEIGHT" ADD CONSTRAINT "ASSESSMENT_FK_COURSEBREAK" FOREIGN KEY ("ASSESS_COURSEBREAK_CODE")
	  REFERENCES "REGISTRAR"."COURSE_BREAKDOWN" ("COURSE_BREAK_CODE") ENABLE;
--------------------------------------------------------
--  Ref Constraints for Table COURSE
--------------------------------------------------------

  ALTER TABLE "REGISTRAR"."COURSE" ADD CONSTRAINT "COURSE_FK_CURRICULUM" FOREIGN KEY ("COURSE_CURR_CODE")
	  REFERENCES "REGISTRAR"."CURRICULUM" ("CURR_CODE") ENABLE;
  ALTER TABLE "REGISTRAR"."COURSE" ADD CONSTRAINT "COURSE_FK_OWNERDEPT" FOREIGN KEY ("OWNER_DEPT_CODE")
	  REFERENCES "REGISTRAR"."DEPARTMENT" ("DEPT_CODE") ENABLE;
--------------------------------------------------------
--  Ref Constraints for Table COURSE_BREAKDOWN
--------------------------------------------------------

  ALTER TABLE "REGISTRAR"."COURSE_BREAKDOWN" ADD CONSTRAINT "COURSE_BREAKDOWN_FK_COURSE" FOREIGN KEY ("BREAK_COURSE_ID")
	  REFERENCES "REGISTRAR"."COURSE" ("COURSE_ID") ENABLE;
  ALTER TABLE "REGISTRAR"."COURSE_BREAKDOWN" ADD CONSTRAINT "COURSE_BREAKDOWN_FK_SEMESTER" FOREIGN KEY ("BREAK_SEMESTER_CODE")
	  REFERENCES "REGISTRAR"."AC_SEMESTER" ("SEMESTER_CODE") ENABLE;
--------------------------------------------------------
--  Ref Constraints for Table COURSE_PREREQUISITE
--------------------------------------------------------

  ALTER TABLE "REGISTRAR"."COURSE_PREREQUISITE" ADD CONSTRAINT "COURSE_PREREQUISITE_FK_COURSE" FOREIGN KEY ("PRE_COURSE_ID")
	  REFERENCES "REGISTRAR"."COURSE" ("COURSE_ID") ENABLE;
  ALTER TABLE "REGISTRAR"."COURSE_PREREQUISITE" ADD CONSTRAINT "PREREQUISITE_FK_COURSE" FOREIGN KEY ("COURSE_ID")
	  REFERENCES "REGISTRAR"."COURSE" ("COURSE_ID") ENABLE;
--------------------------------------------------------
--  Ref Constraints for Table CURRICULUM
--------------------------------------------------------

  ALTER TABLE "REGISTRAR"."CURRICULUM" ADD CONSTRAINT "CURRICULUM_FK_DEPT" FOREIGN KEY ("CURR_DEPT_CODE")
	  REFERENCES "REGISTRAR"."DEPARTMENT" ("DEPT_CODE") ENABLE;
--------------------------------------------------------
--  Ref Constraints for Table DEPARTMENT
--------------------------------------------------------

  ALTER TABLE "REGISTRAR"."DEPARTMENT" ADD CONSTRAINT "DEPARTMENT_FK_FACULTY" FOREIGN KEY ("DEPT_FACULTY_CODE")
	  REFERENCES "REGISTRAR"."FACULTY" ("FACULTY_CODE") ENABLE;
--------------------------------------------------------
--  Ref Constraints for Table EMPLOYEE
--------------------------------------------------------

  ALTER TABLE "REGISTRAR"."EMPLOYEE" ADD CONSTRAINT "EMPLOYEE_FK_DEPT" FOREIGN KEY ("EMP_DEPT_CODE")
	  REFERENCES "REGISTRAR"."DEPARTMENT" ("DEPT_CODE") ENABLE;
--------------------------------------------------------
--  Ref Constraints for Table ENROLLMENT
--------------------------------------------------------

  ALTER TABLE "REGISTRAR"."ENROLLMENT" ADD CONSTRAINT "ENROLLMENT_FK_COURSEBREAK" FOREIGN KEY ("COURSE_BREAK_CODE")
	  REFERENCES "REGISTRAR"."COURSE_BREAKDOWN" ("COURSE_BREAK_CODE") ENABLE;
  ALTER TABLE "REGISTRAR"."ENROLLMENT" ADD CONSTRAINT "ENROLLMENT_FK_SEMESTER" FOREIGN KEY ("SEMESTER_CODE")
	  REFERENCES "REGISTRAR"."AC_SEMESTER" ("SEMESTER_CODE") ENABLE;
  ALTER TABLE "REGISTRAR"."ENROLLMENT" ADD CONSTRAINT "ENROLLMENT_FK_STUDENT" FOREIGN KEY ("STUDENT_ID")
	  REFERENCES "REGISTRAR"."STUDENT" ("STUDENT_ID") ENABLE;
--------------------------------------------------------
--  Ref Constraints for Table INSTRUCTOR_ASSIGN
--------------------------------------------------------

  ALTER TABLE "REGISTRAR"."INSTRUCTOR_ASSIGN" ADD CONSTRAINT "ASSIGN_FK_COURSEBREAK" FOREIGN KEY ("INST_COURSEBREAK_CODE")
	  REFERENCES "REGISTRAR"."COURSE_BREAKDOWN" ("COURSE_BREAK_CODE") ENABLE;
  ALTER TABLE "REGISTRAR"."INSTRUCTOR_ASSIGN" ADD CONSTRAINT "ASSIGN_FK_EMPL" FOREIGN KEY ("INST_EMP_ID")
	  REFERENCES "REGISTRAR"."EMPLOYEE" ("EMPLOYEE_ID") ENABLE;
  ALTER TABLE "REGISTRAR"."INSTRUCTOR_ASSIGN" ADD CONSTRAINT "ASSIGN_FK_SEMESTER" FOREIGN KEY ("INST_SEMESTER_CODE")
	  REFERENCES "REGISTRAR"."AC_SEMESTER" ("SEMESTER_CODE") ENABLE;
--------------------------------------------------------
--  Ref Constraints for Table SECTION
--------------------------------------------------------

  ALTER TABLE "REGISTRAR"."SECTION" ADD CONSTRAINT "SECTION_FK_DEPT" FOREIGN KEY ("DEPT_CODE")
	  REFERENCES "REGISTRAR"."DEPARTMENT" ("DEPT_CODE") ENABLE;
  ALTER TABLE "REGISTRAR"."SECTION" ADD CONSTRAINT "SECTION_FK_SEMESTER" FOREIGN KEY ("SEMESTER_CODE")
	  REFERENCES "REGISTRAR"."AC_SEMESTER" ("SEMESTER_CODE") ENABLE;
--------------------------------------------------------
--  Ref Constraints for Table STUDENT
--------------------------------------------------------

  ALTER TABLE "REGISTRAR"."STUDENT" ADD CONSTRAINT "STUDENT_FK_DEPT" FOREIGN KEY ("STUDENT_DEPT_CODE")
	  REFERENCES "REGISTRAR"."DEPARTMENT" ("DEPT_CODE") ENABLE;
--------------------------------------------------------
--  Ref Constraints for Table STUDENT_SECTION
--------------------------------------------------------

  ALTER TABLE "REGISTRAR"."STUDENT_SECTION" ADD CONSTRAINT "STUDSECTION_FK_ENROLL" FOREIGN KEY ("STUD_SEC_ENROLL_CODE")
	  REFERENCES "REGISTRAR"."ENROLLMENT" ("ENROLL_CODE") ENABLE;
  ALTER TABLE "REGISTRAR"."STUDENT_SECTION" ADD CONSTRAINT "STUDSECTION_FK_SECTION" FOREIGN KEY ("STUD_SECTION_CODE")
	  REFERENCES "REGISTRAR"."SECTION" ("SECTION_CODE") ENABLE;
--------------------------------------------------------
--  Ref Constraints for Table USER_ACCOUNT
--------------------------------------------------------

  ALTER TABLE "REGISTRAR"."USER_ACCOUNT" ADD CONSTRAINT "USER_ACCOUNT_FK_EMP" FOREIGN KEY ("USER_EMP_ID")
	  REFERENCES "REGISTRAR"."EMPLOYEE" ("EMPLOYEE_ID") ENABLE;
--------------------------------------------------------
--  Ref Constraints for Table USER_ROLE
--------------------------------------------------------

  ALTER TABLE "REGISTRAR"."USER_ROLE" ADD CONSTRAINT "USER_ROLE_FK_ROLE" FOREIGN KEY ("USER_ROLE_ROLE_ID")
	  REFERENCES "REGISTRAR"."ROLE" ("ROLE_ID") ENABLE;
  ALTER TABLE "REGISTRAR"."USER_ROLE" ADD CONSTRAINT "USER_ROLE_FK_USER" FOREIGN KEY ("USER_ROLE_USER_ID")
	  REFERENCES "REGISTRAR"."USER_ACCOUNT" ("USER_ID") ENABLE;
--------------------------------------------------------
--  DDL for Trigger AC_SEMESTER_CODE_TRG_UK
--------------------------------------------------------

  CREATE OR REPLACE TRIGGER "REGISTRAR"."AC_SEMESTER_CODE_TRG_UK" 
BEFORE INSERT ON AC_SEMESTER 
FOR EACH ROW 
BEGIN
  <<COLUMN_SEQUENCES>>
  BEGIN
    IF INSERTING AND :NEW.SEMESTER_CODE IS NULL THEN
      SELECT AC_SEMESTER_SEQ.NEXTVAL INTO :NEW.SEMESTER_CODE FROM SYS.DUAL;
    END IF;
  END COLUMN_SEQUENCES;
END;
/
ALTER TRIGGER "REGISTRAR"."AC_SEMESTER_CODE_TRG_UK" ENABLE;
--------------------------------------------------------
--  DDL for Trigger AC_YEAR_TRG_PK
--------------------------------------------------------

  CREATE OR REPLACE TRIGGER "REGISTRAR"."AC_YEAR_TRG_PK" 
BEFORE INSERT ON AC_YEAR 
FOR EACH ROW 
BEGIN
  <<COLUMN_SEQUENCES>>
  BEGIN
    IF INSERTING AND :NEW.AC_YEAR_CODE IS NULL THEN
      SELECT AC_YEAR_SEQ.NEXTVAL INTO :NEW.AC_YEAR_CODE FROM SYS.DUAL;
    END IF;
  END COLUMN_SEQUENCES;
END;
/
ALTER TRIGGER "REGISTRAR"."AC_YEAR_TRG_PK" ENABLE;
--------------------------------------------------------
--  DDL for Trigger ASSESSMENT_RESULT_TRG_PK
--------------------------------------------------------

  CREATE OR REPLACE TRIGGER "REGISTRAR"."ASSESSMENT_RESULT_TRG_PK" 
BEFORE INSERT ON ASSESSMENT_RESULT 
FOR EACH ROW 
BEGIN
  <<COLUMN_SEQUENCES>>
  BEGIN
    IF INSERTING AND :NEW.RESULT_CODE IS NULL THEN
      SELECT ASSESSMENT_RESULT_SEQ.NEXTVAL INTO :NEW.RESULT_CODE FROM SYS.DUAL;
    END IF;
  END COLUMN_SEQUENCES;
END;
/
ALTER TRIGGER "REGISTRAR"."ASSESSMENT_RESULT_TRG_PK" ENABLE;
--------------------------------------------------------
--  DDL for Trigger ASSESSMENT_WEIGHT_TRG_PK
--------------------------------------------------------

  CREATE OR REPLACE TRIGGER "REGISTRAR"."ASSESSMENT_WEIGHT_TRG_PK" 
BEFORE INSERT ON ASSESSMENT_WEIGHT 
FOR EACH ROW 
BEGIN
  <<COLUMN_SEQUENCES>>
  BEGIN
    IF INSERTING AND :NEW.ASSESS_WEIGHT_CODE IS NULL THEN
      SELECT ASSESSMENT_WEIGHT_SEQ.NEXTVAL INTO :NEW.ASSESS_WEIGHT_CODE FROM SYS.DUAL;
    END IF;
  END COLUMN_SEQUENCES;
END;
/
ALTER TRIGGER "REGISTRAR"."ASSESSMENT_WEIGHT_TRG_PK" ENABLE;
--------------------------------------------------------
--  DDL for Trigger COURSE_BREAKDOWN_TRG_UK
--------------------------------------------------------

  CREATE OR REPLACE TRIGGER "REGISTRAR"."COURSE_BREAKDOWN_TRG_UK" 
BEFORE INSERT ON COURSE_BREAKDOWN 
FOR EACH ROW 
BEGIN
  <<COLUMN_SEQUENCES>>
  BEGIN
    IF INSERTING AND :NEW.COURSE_BREAK_CODE IS NULL THEN
      SELECT COURSE_BREAKDOWN_SEQ.NEXTVAL INTO :NEW.COURSE_BREAK_CODE FROM SYS.DUAL;
    END IF;
  END COLUMN_SEQUENCES;
END;
/
ALTER TRIGGER "REGISTRAR"."COURSE_BREAKDOWN_TRG_UK" ENABLE;
--------------------------------------------------------
--  DDL for Trigger COURSE_PREREQUISITE_TRG_UK
--------------------------------------------------------

  CREATE OR REPLACE TRIGGER "REGISTRAR"."COURSE_PREREQUISITE_TRG_UK" 
BEFORE INSERT ON COURSE_PREREQUISITE 
FOR EACH ROW 
BEGIN
  <<COLUMN_SEQUENCES>>
  BEGIN
    IF INSERTING AND :NEW.PER_CODE IS NULL THEN
      SELECT COURSE_PREREQUISITE_SEQ.NEXTVAL INTO :NEW.PER_CODE FROM SYS.DUAL;
    END IF;
  END COLUMN_SEQUENCES;
END;
/
ALTER TRIGGER "REGISTRAR"."COURSE_PREREQUISITE_TRG_UK" ENABLE;
--------------------------------------------------------
--  DDL for Trigger COURSE_TRG_UK
--------------------------------------------------------

  CREATE OR REPLACE TRIGGER "REGISTRAR"."COURSE_TRG_UK" 
BEFORE INSERT ON COURSE 
FOR EACH ROW 
BEGIN
  <<COLUMN_SEQUENCES>>
  BEGIN
    IF INSERTING AND :NEW.COURSE_ID IS NULL THEN
      SELECT COURSE_SEQ.NEXTVAL INTO :NEW.COURSE_ID FROM SYS.DUAL;
    END IF;
  END COLUMN_SEQUENCES;
END;
/
ALTER TRIGGER "REGISTRAR"."COURSE_TRG_UK" ENABLE;
--------------------------------------------------------
--  DDL for Trigger CURRICULUM_TRG_PK
--------------------------------------------------------

  CREATE OR REPLACE TRIGGER "REGISTRAR"."CURRICULUM_TRG_PK" 
BEFORE INSERT ON CURRICULUM 
FOR EACH ROW 
BEGIN
  <<COLUMN_SEQUENCES>>
  BEGIN
    NULL;
  END COLUMN_SEQUENCES;
END;
/
ALTER TRIGGER "REGISTRAR"."CURRICULUM_TRG_PK" ENABLE;
--------------------------------------------------------
--  DDL for Trigger DEPARTMENT_TRG
--------------------------------------------------------

  CREATE OR REPLACE TRIGGER "REGISTRAR"."DEPARTMENT_TRG" 
BEFORE INSERT ON DEPARTMENT 
FOR EACH ROW 
BEGIN
  <<COLUMN_SEQUENCES>>
  BEGIN
    IF INSERTING AND :NEW.DEPT_CODE IS NULL THEN
      SELECT DEPARTMENT_SEQ.NEXTVAL INTO :NEW.DEPT_CODE FROM SYS.DUAL;
    END IF;
  END COLUMN_SEQUENCES;
END;
/
ALTER TRIGGER "REGISTRAR"."DEPARTMENT_TRG" ENABLE;
--------------------------------------------------------
--  DDL for Trigger ENROLLMENT_TRG_UK
--------------------------------------------------------

  CREATE OR REPLACE TRIGGER "REGISTRAR"."ENROLLMENT_TRG_UK" 
BEFORE INSERT ON ENROLLMENT 
FOR EACH ROW 
BEGIN
  <<COLUMN_SEQUENCES>>
  BEGIN
    IF INSERTING AND :NEW.ENROLL_CODE IS NULL THEN
      SELECT ENROLLMENT_SEQ.NEXTVAL INTO :NEW.ENROLL_CODE FROM SYS.DUAL;
    END IF;
  END COLUMN_SEQUENCES;
END;
/
ALTER TRIGGER "REGISTRAR"."ENROLLMENT_TRG_UK" ENABLE;
--------------------------------------------------------
--  DDL for Trigger FACULTY_TRG_PK
--------------------------------------------------------

  CREATE OR REPLACE TRIGGER "REGISTRAR"."FACULTY_TRG_PK" 
BEFORE INSERT ON FACULTY 
FOR EACH ROW 
BEGIN
  <<COLUMN_SEQUENCES>>
  BEGIN
    IF INSERTING AND :NEW.FACULTY_CODE IS NULL THEN
      SELECT FACULTY_SEQ.NEXTVAL INTO :NEW.FACULTY_CODE FROM SYS.DUAL;
    END IF;
  END COLUMN_SEQUENCES;
END;
/
ALTER TRIGGER "REGISTRAR"."FACULTY_TRG_PK" ENABLE;
--------------------------------------------------------
--  DDL for Trigger INSTRUCTOR_ASSIGN_TRG_PK
--------------------------------------------------------

  CREATE OR REPLACE TRIGGER "REGISTRAR"."INSTRUCTOR_ASSIGN_TRG_PK" 
BEFORE INSERT ON INSTRUCTOR_ASSIGN 
FOR EACH ROW 
BEGIN
  <<COLUMN_SEQUENCES>>
  BEGIN
    IF INSERTING AND :NEW.INST_CODE IS NULL THEN
      SELECT INSTRUCTOR_ASSIGN_SEQ.NEXTVAL INTO :NEW.INST_CODE FROM SYS.DUAL;
    END IF;
  END COLUMN_SEQUENCES;
END;
/
ALTER TRIGGER "REGISTRAR"."INSTRUCTOR_ASSIGN_TRG_PK" ENABLE;
--------------------------------------------------------
--  DDL for Trigger ROLE_TRG_PK
--------------------------------------------------------

  CREATE OR REPLACE TRIGGER "REGISTRAR"."ROLE_TRG_PK" 
BEFORE INSERT ON ROLE 
FOR EACH ROW 
BEGIN
  <<COLUMN_SEQUENCES>>
  BEGIN
    IF INSERTING AND :NEW.ROLE_ID IS NULL THEN
      SELECT ROLE_SEQ.NEXTVAL INTO :NEW.ROLE_ID FROM SYS.DUAL;
    END IF;
  END COLUMN_SEQUENCES;
END;
/
ALTER TRIGGER "REGISTRAR"."ROLE_TRG_PK" ENABLE;
--------------------------------------------------------
--  DDL for Trigger SECTION_TRG_PK
--------------------------------------------------------

  CREATE OR REPLACE TRIGGER "REGISTRAR"."SECTION_TRG_PK" 
BEFORE INSERT ON SECTION 
FOR EACH ROW 
BEGIN
  <<COLUMN_SEQUENCES>>
  BEGIN
    IF INSERTING AND :NEW.SECTION_CODE IS NULL THEN
      SELECT SECTION_SEQ.NEXTVAL INTO :NEW.SECTION_CODE FROM SYS.DUAL;
    END IF;
  END COLUMN_SEQUENCES;
END;
/
ALTER TRIGGER "REGISTRAR"."SECTION_TRG_PK" ENABLE;
--------------------------------------------------------
--  DDL for Trigger STUDENT_SECTION_TRG_PK
--------------------------------------------------------

  CREATE OR REPLACE TRIGGER "REGISTRAR"."STUDENT_SECTION_TRG_PK" 
BEFORE INSERT ON STUDENT_SECTION 
FOR EACH ROW 
BEGIN
  <<COLUMN_SEQUENCES>>
  BEGIN
    IF INSERTING AND :NEW.STUD_SEC_CODE IS NULL THEN
      SELECT STUDENT_SECTION_SEQ.NEXTVAL INTO :NEW.STUD_SEC_CODE FROM SYS.DUAL;
    END IF;
  END COLUMN_SEQUENCES;
END;
/
ALTER TRIGGER "REGISTRAR"."STUDENT_SECTION_TRG_PK" ENABLE;
--------------------------------------------------------
--  DDL for Trigger USER_ACCOUNT_TRG_PK
--------------------------------------------------------

  CREATE OR REPLACE TRIGGER "REGISTRAR"."USER_ACCOUNT_TRG_PK" 
BEFORE INSERT ON USER_ACCOUNT 
FOR EACH ROW 
BEGIN
  <<COLUMN_SEQUENCES>>
  BEGIN
    IF INSERTING AND :NEW.USER_ID IS NULL THEN
      SELECT USER_ACCOUNT_SEQ.NEXTVAL INTO :NEW.USER_ID FROM SYS.DUAL;
    END IF;
  END COLUMN_SEQUENCES;
END;
/
ALTER TRIGGER "REGISTRAR"."USER_ACCOUNT_TRG_PK" ENABLE;
--------------------------------------------------------
--  DDL for Trigger USER_ROLE_TRG_PK
--------------------------------------------------------

  CREATE OR REPLACE TRIGGER "REGISTRAR"."USER_ROLE_TRG_PK" 
BEFORE INSERT ON USER_ROLE 
FOR EACH ROW 
BEGIN
  <<COLUMN_SEQUENCES>>
  BEGIN
    IF INSERTING AND :NEW.USER_ROLE_CODE IS NULL THEN
      SELECT USER_ROLE_SEQ.NEXTVAL INTO :NEW.USER_ROLE_CODE FROM SYS.DUAL;
    END IF;
  END COLUMN_SEQUENCES;
END;
/
ALTER TRIGGER "REGISTRAR"."USER_ROLE_TRG_PK" ENABLE;
